,date,pizza,burger,sushi,pasta,salad,steak,tacos,sandwich,noodles,omelette,burrito,risotto,dumplings,ravioli,lasagna,paella,curry,falafel,quiche,wrap,gyros,shawarma,bruschetta,calzone,fajitas,enchiladas,gnocchi,meatballs,wings,pancakes,waffles,crepes,donuts,tiramisu,cheesecake,brownie,bread,apple,banana,orange,grape,strawberry,blueberry,pineapple,kiwi,mango,pear,bread.1,milk,eggs,butter,cheese,yogurt,chicken,beef,pork,fish,rice,pasta.1,vegetables,fruits,cereal,sugar,salt,pepper,olive oil,vinegar,total,hour,is_holiday,Unnamed: 0
0,2024-10-30 15:00:00,35,11,10,14,31,28,18,27,42,8,19,18,28,20,36,21,63,7,15,52,43,62,20,10,12,16,45,34,33,9,4,5,59,23,36,27,13,85,12,32,20,55,24,28,11,36,9,50,53,24,32,47,4,40,11,6,64,44,55,7,25,8,71,48,61,19,31,1966,15,0,
1,2024-10-30 16:00:00,40,12,12,16,36,32,21,28,47,8,25,27,36,23,43,25,73,8,21,51,50,68,25,15,16,17,53,41,37,8,4,6,55,24,38,28,15,83,13,31,21,57,23,29,11,38,9,56,54,25,33,52,4,48,12,7,64,51,60,7,23,8,75,49,68,21,33,2149,16,0,
2,2024-10-30 17:00:00,45,13,13,17,35,35,24,28,50,10,23,34,35,25,42,26,72,8,25,51,48,66,25,16,18,20,60,45,37,8,4,5,52,24,39,28,15,86,13,32,22,57,24,32,11,38,10,56,56,24,34,53,4,48,13,7,68,50,64,8,23,8,73,50,72,20,35,2212,17,0,
3,2024-10-30 18:00:00,45,14,13,15,35,37,25,26,49,11,24,32,36,27,45,28,74,8,21,54,45,65,27,15,19,21,61,39,39,7,4,5,54,24,42,32,15,85,13,32,21,61,25,33,12,39,10,56,55,25,36,54,4,48,13,8,68,50,59,7,23,8,77,51,74,20,33,2233,18,0,
4,2024-10-30 19:00:00,43,13,12,15,36,77,24,29,50,8,23,22,35,29,47,24,66,7,14,55,39,65,23,16,21,22,50,50,43,7,4,5,57,25,47,30,15,83,12,32,22,62,27,36,12,39,10,56,54,24,39,59,4,57,15,13,68,52,57,7,21,9,79,54,72,23,33,2279,19,0,
5,2024-10-30 20:00:00,45,11,12,14,36,42,25,28,49,7,22,16,38,26,56,21,63,6,13,55,34,59,22,16,18,23,43,61,47,9,4,4,58,24,49,32,15,85,12,32,24,64,26,33,13,41,8,57,55,25,40,64,5,55,15,10,68,57,53,8,22,9,79,53,75,22,36,2249,20,0,
6,2024-10-30 21:00:00,56,14,14,15,43,100,28,35,61,6,26,15,44,28,61,19,66,6,12,59,32,68,22,17,23,29,43,70,60,9,5,4,65,19,53,28,17,93,13,32,26,71,30,41,13,43,8,65,58,29,45,72,5,78,19,18,73,67,58,8,23,9,87,58,84,25,44,2567,21,0,
7,2024-10-30 22:00:00,60,15,15,15,47,64,32,32,71,6,29,20,50,29,61,18,76,7,10,61,31,71,21,18,21,31,44,80,70,9,5,4,72,16,57,31,19,94,15,32,27,79,32,40,12,39,8,72,62,33,47,79,5,75,19,14,75,72,59,8,23,9,89,60,87,26,45,2655,22,0,
8,2024-10-30 23:00:00,57,14,15,14,48,64,32,32,74,6,30,13,48,27,58,16,76,7,9,59,26,76,20,17,19,29,38,71,82,9,6,4,73,14,58,32,20,95,14,30,27,85,31,41,11,34,7,75,64,34,51,78,5,73,19,13,80,77,53,9,25,12,95,61,88,31,47,2658,23,0,
9,2024-10-31 00:00:00,49,12,13,12,43,53,30,29,65,5,31,9,45,22,49,15,73,6,7,57,18,62,17,15,14,25,31,59,75,8,5,3,73,11,53,28,18,90,14,29,28,84,31,43,11,27,7,67,66,34,49,72,5,64,16,11,79,67,45,8,25,11,92,59,85,28,43,2430,0,0,
10,2024-10-31 01:00:00,40,11,11,10,37,43,27,26,53,5,25,7,35,18,38,13,73,5,7,57,16,59,15,12,10,20,23,49,71,7,5,3,67,11,56,23,16,86,14,26,26,85,28,40,10,26,7,61,67,32,45,63,5,54,14,9,74,62,38,9,24,11,89,55,79,25,43,2211,1,0,
11,2024-10-31 02:00:00,32,11,10,8,34,35,22,24,45,5,21,6,30,14,34,11,80,4,6,55,15,49,11,9,8,17,18,37,63,6,4,2,63,10,48,20,15,89,13,25,25,82,29,43,10,24,7,56,67,29,41,56,5,44,13,7,76,57,32,7,26,11,85,54,74,24,38,2031,2,0,
12,2024-10-31 03:00:00,27,9,8,7,28,28,19,21,40,5,17,5,26,10,26,10,71,3,5,45,13,46,9,8,5,13,15,28,43,6,3,2,45,10,37,16,12,78,11,22,21,72,25,36,10,23,6,47,65,24,35,47,4,37,11,6,70,51,27,7,25,8,81,51,60,22,37,1740,3,0,
13,2024-10-31 04:00:00,22,8,7,6,24,24,15,16,39,4,15,6,20,9,21,8,62,3,5,40,11,34,10,7,5,10,14,22,33,5,3,2,44,11,32,13,10,75,10,22,19,61,21,31,8,25,5,39,59,21,30,39,4,32,9,5,65,48,25,7,26,7,72,45,54,19,31,1534,4,0,
14,2024-10-31 05:00:00,19,6,6,6,19,18,10,14,31,5,11,8,20,10,19,9,56,3,6,37,14,35,9,7,4,7,17,17,23,6,2,2,31,12,26,12,8,70,9,21,17,53,18,27,10,27,4,32,57,17,25,32,3,27,8,4,61,44,24,7,25,5,61,38,44,17,27,1359,5,0,
15,2024-10-31 06:00:00,18,6,6,7,16,17,7,14,32,5,8,11,17,10,17,10,47,3,7,30,20,32,10,4,4,5,20,14,18,7,2,2,25,15,25,13,7,63,8,22,13,44,16,23,11,32,4,28,50,14,22,26,3,24,6,4,53,39,28,6,24,4,55,33,39,15,24,1244,6,0,
16,2024-10-31 07:00:00,20,7,6,8,17,16,7,13,27,5,9,14,17,11,18,13,50,4,10,30,25,31,12,6,5,5,29,12,16,10,1,3,22,19,23,15,7,66,9,26,13,38,15,21,12,34,4,27,47,13,21,25,2,22,7,4,50,36,30,5,23,4,49,29,36,14,21,1246,7,0,
17,2024-10-31 08:00:00,23,7,7,9,16,17,8,14,27,6,7,17,16,13,20,15,52,4,12,31,34,34,13,6,5,5,33,12,16,11,2,3,26,23,23,18,7,68,9,28,13,36,14,20,12,37,4,27,45,14,19,25,2,21,6,3,48,33,34,5,23,4,47,30,34,14,21,1288,8,0,
18,2024-10-31 09:00:00,22,8,7,10,15,16,6,18,26,7,10,20,15,15,20,16,50,5,13,29,37,35,16,6,6,5,39,12,16,9,2,3,29,24,26,20,7,66,10,29,12,38,14,19,12,37,4,28,45,14,20,25,2,22,6,3,45,31,38,5,23,4,46,31,36,14,20,1319,9,0,
19,2024-10-31 10:00:00,23,9,10,11,17,18,8,13,27,7,9,25,15,18,22,20,55,5,16,32,46,42,14,9,7,5,44,16,18,9,2,3,40,27,29,21,8,68,10,29,13,39,16,19,11,37,4,31,45,17,21,28,2,23,7,4,47,32,44,5,23,4,48,30,38,14,22,1431,10,0,
20,2024-10-31 11:00:00,25,10,10,12,18,19,9,17,30,9,10,28,16,19,25,22,55,6,15,37,42,42,19,10,8,6,48,20,18,9,3,3,56,26,27,21,9,67,10,26,14,41,17,20,11,37,5,33,45,17,23,30,2,24,7,4,49,33,47,5,23,5,52,32,42,15,23,1518,11,0,
21,2024-10-31 12:00:00,24,10,9,12,19,20,10,18,28,8,13,19,19,20,26,21,53,6,13,40,39,43,19,10,8,7,40,22,21,9,3,3,64,25,27,22,9,69,11,28,16,47,19,23,11,36,7,36,46,20,24,34,3,26,8,4,54,34,46,5,22,5,57,33,46,15,28,1572,12,0,
22,2024-10-31 13:00:00,26,10,9,11,20,21,10,18,29,7,15,15,18,17,26,20,53,6,12,40,37,47,16,9,8,7,33,26,24,9,4,4,65,25,29,25,11,67,11,28,17,50,21,25,11,31,8,42,46,21,27,37,3,29,8,5,52,36,44,6,23,6,63,37,48,15,26,1605,13,0,
23,2024-10-31 14:00:00,33,10,9,11,23,22,13,20,29,6,18,16,22,18,30,19,52,6,13,43,40,50,17,10,10,10,34,31,30,9,3,4,65,25,32,26,12,73,12,29,18,57,22,25,10,34,8,45,46,23,27,41,4,31,9,5,56,37,43,6,23,7,67,42,52,16,27,1716,14,0,
24,2024-10-31 15:00:00,47,12,12,12,28,26,18,23,34,6,23,20,27,20,35,19,56,7,16,46,49,60,22,11,12,13,40,36,34,8,4,5,57,25,36,27,13,77,12,31,21,57,23,27,11,34,9,49,50,23,31,45,4,37,10,6,59,40,47,6,23,7,73,46,60,19,30,1906,15,0,
25,2024-10-31 16:00:00,53,13,13,14,32,31,21,27,44,7,26,25,32,22,40,22,68,8,18,49,58,64,28,16,13,17,52,42,38,8,4,5,57,27,40,27,14,77,12,33,20,59,24,29,11,33,9,53,54,23,33,49,4,43,12,7,68,45,54,7,22,7,75,47,65,21,29,2100,16,0,
26,2024-10-31 17:00:00,59,14,15,15,33,35,25,26,46,8,26,33,36,28,42,27,72,8,22,50,65,67,26,17,17,18,54,47,38,7,4,5,57,28,43,29,14,80,13,33,21,63,25,27,11,37,10,52,54,25,35,55,4,45,12,7,69,46,57,7,22,8,76,49,68,20,32,2219,17,0,
27,2024-10-31 18:00:00,65,15,15,15,31,36,26,26,46,9,26,30,33,28,43,26,69,7,17,52,55,65,27,17,18,18,48,45,41,6,4,5,53,26,41,29,15,83,12,32,23,65,23,31,11,40,9,56,55,25,35,57,4,44,13,7,70,49,57,7,21,8,75,54,68,20,31,2213,18,0,
28,2024-10-31 19:00:00,71,15,14,13,31,36,25,25,46,7,27,25,34,26,44,23,66,8,12,51,47,64,23,19,16,21,45,49,45,7,4,4,53,24,43,30,15,82,12,32,23,66,26,33,12,37,9,56,54,23,36,61,4,48,13,8,69,46,52,7,21,8,78,53,71,20,34,2202,19,0,
29,2024-10-31 20:00:00,79,15,13,13,32,39,25,25,45,6,28,17,35,23,45,21,62,6,11,54,40,64,23,18,16,21,42,51,49,7,4,4,53,24,47,28,15,95,12,32,23,75,27,36,12,41,7,56,54,24,37,61,4,51,14,9,69,50,49,7,23,8,79,52,73,22,35,2237,20,0,
30,2024-10-31 21:00:00,81,16,14,13,35,45,28,25,52,6,28,14,38,25,50,18,61,7,9,54,37,72,23,18,16,22,36,56,59,8,4,4,53,19,47,27,16,96,12,32,25,76,26,38,13,41,7,60,56,25,39,64,4,56,15,10,75,53,50,7,22,8,80,54,76,24,36,2316,21,0,
31,2024-10-31 22:00:00,86,16,15,12,35,52,30,26,59,5,31,13,40,27,49,18,67,7,9,55,36,74,19,19,16,24,36,58,67,8,5,4,54,16,50,25,16,94,14,34,24,82,28,40,13,38,7,60,58,28,42,67,4,61,15,11,73,59,47,7,22,8,83,55,79,24,39,2395,22,0,
32,2024-10-31 23:00:00,92,16,16,12,37,50,31,25,54,5,36,10,41,24,46,15,64,6,8,52,27,74,16,18,15,21,29,54,72,7,4,4,52,13,51,25,16,90,13,29,26,84,29,38,12,32,7,62,60,29,42,63,5,58,15,10,75,59,45,7,22,9,85,53,84,25,40,2346,23,0,
33,2024-11-01 00:00:00,71,14,14,10,35,44,29,25,49,5,29,8,36,18,37,13,64,5,7,47,23,67,14,16,12,18,24,43,64,6,4,3,49,11,49,23,15,82,13,26,24,83,27,38,10,26,6,58,63,27,41,59,4,50,14,9,73,54,40,7,22,9,86,50,84,24,33,2143,0,0,
34,2024-11-01 01:00:00,54,13,12,9,31,39,28,23,48,5,25,7,34,15,33,11,64,5,6,49,20,55,15,15,10,16,21,36,56,6,4,3,47,11,47,20,14,79,12,25,25,84,28,39,10,23,7,53,61,27,38,59,4,44,12,8,76,52,34,7,21,9,86,50,78,23,35,2016,1,0,
35,2024-11-01 02:00:00,41,11,9,8,28,32,25,19,42,4,22,6,28,12,26,10,60,3,5,48,14,50,11,10,7,11,15,30,49,6,4,2,42,9,42,17,12,79,11,23,22,74,25,42,9,23,6,46,63,24,33,48,4,39,10,7,68,50,30,7,23,9,79,49,65,22,32,1792,2,0,
36,2024-11-01 03:00:00,35,11,8,7,42,32,25,19,43,5,20,8,28,15,30,11,62,4,5,45,13,46,18,9,8,13,18,33,43,6,4,2,39,10,44,15,12,81,11,24,23,79,27,44,9,24,7,44,63,24,35,49,4,38,10,8,70,52,29,8,25,8,79,50,69,21,35,1838,3,0,
37,2024-11-01 04:00:00,26,9,7,6,22,22,19,15,35,4,15,5,19,8,19,9,53,3,5,40,11,40,9,6,4,9,10,20,35,5,3,2,31,10,30,12,10,73,10,20,18,62,21,31,9,24,5,38,65,19,28,37,3,31,9,5,65,46,23,7,27,6,71,45,48,19,30,1483,4,0,
38,2024-11-01 05:00:00,22,8,6,6,20,19,13,13,33,5,11,7,21,8,17,9,50,3,5,35,14,36,10,6,4,6,14,17,27,6,2,2,24,11,28,12,8,67,9,20,15,52,19,28,9,27,4,32,61,16,23,31,3,28,7,5,62,44,23,7,27,5,63,39,44,17,27,1352,5,0,
39,2024-11-01 06:00:00,22,7,6,7,18,17,9,12,32,5,8,11,20,9,18,11,46,3,6,33,20,29,10,5,3,5,22,12,20,9,2,3,20,15,25,12,7,62,8,20,14,44,16,24,10,31,4,28,52,14,22,27,3,25,7,4,58,38,28,6,25,4,54,33,38,14,22,1254,6,0,
40,2024-11-01 07:00:00,23,7,6,9,18,18,8,13,32,6,9,18,20,14,17,14,50,4,10,32,27,32,12,7,4,5,31,12,19,15,2,5,23,22,27,14,7,63,9,23,14,43,15,22,13,36,4,28,51,13,22,25,3,23,7,4,58,37,34,6,25,3,50,31,37,15,22,1328,7,0,
41,2024-11-01 08:00:00,23,8,7,10,15,18,7,13,29,7,8,25,18,15,20,19,52,4,13,29,30,33,16,7,6,5,42,10,16,15,2,6,23,27,28,17,8,69,9,24,13,39,15,21,13,37,4,29,47,14,21,26,3,22,6,4,53,34,39,5,26,3,47,30,38,15,21,1358,8,0,
42,2024-11-01 09:00:00,24,9,8,11,16,18,7,13,28,8,8,27,18,18,22,22,54,5,16,33,36,39,18,8,7,6,50,13,16,13,2,6,29,30,30,20,8,70,10,25,13,38,18,21,11,37,4,30,47,15,21,27,3,23,7,4,52,34,42,5,25,4,48,30,37,15,24,1436,9,0,
43,2024-11-01 10:00:00,25,11,10,13,17,21,10,17,29,9,10,39,18,21,25,29,58,5,19,33,41,44,21,11,8,6,55,14,16,12,2,5,33,31,31,22,9,70,10,25,12,38,17,20,12,38,4,33,47,16,22,29,3,24,7,4,57,31,49,5,25,4,51,31,41,14,24,1543,10,0,
44,2024-11-01 11:00:00,28,12,11,14,19,23,11,16,33,10,12,42,19,26,27,29,57,6,16,37,43,45,19,13,8,6,54,17,19,11,3,5,41,27,29,22,10,70,10,24,14,40,17,21,11,36,5,37,49,18,24,33,3,26,8,4,53,32,55,6,25,4,56,31,42,14,24,1612,11,0,
45,2024-11-01 12:00:00,29,12,11,13,19,24,11,19,31,9,14,28,21,24,28,30,58,6,13,39,39,50,21,15,10,8,47,19,20,10,3,5,56,26,29,22,11,73,11,24,15,42,19,23,11,35,7,42,49,20,27,38,3,28,8,5,55,35,52,6,25,5,60,36,48,16,26,1674,12,0,
46,2024-11-01 13:00:00,31,12,10,12,24,25,13,19,33,8,18,19,22,20,30,26,55,6,12,41,37,54,21,14,10,9,38,23,23,11,4,5,57,27,34,25,11,78,11,25,17,50,22,25,11,34,9,42,51,23,29,41,4,30,9,5,59,36,45,6,25,6,70,40,56,17,28,1743,13,0,
47,2024-11-01 14:00:00,35,12,11,12,25,27,16,22,37,7,21,20,25,20,35,24,57,7,12,46,41,59,22,16,11,12,38,29,28,11,4,6,58,29,40,26,13,79,11,26,19,50,22,26,11,36,9,48,51,23,31,46,4,35,10,6,62,41,45,7,26,7,73,44,56,19,29,1866,14,0,
48,2024-11-01 15:00:00,48,14,15,13,31,33,21,26,45,7,24,22,30,22,37,22,64,7,15,48,48,71,29,17,13,16,43,34,33,10,4,7,57,28,46,26,13,83,11,29,21,57,26,30,11,36,9,51,56,24,31,48,4,41,11,7,70,42,50,7,25,7,75,46,59,19,31,2056,15,0,
49,2024-11-01 16:00:00,59,16,18,15,35,36,27,31,54,9,29,29,38,26,41,26,74,9,20,52,62,74,30,21,17,19,54,40,39,10,5,8,54,29,45,26,15,85,11,30,21,55,24,30,11,41,9,58,55,25,37,53,4,45,13,8,77,47,57,7,25,7,77,51,66,21,35,2277,16,0,
50,2024-11-01 17:00:00,60,18,20,16,39,41,30,30,54,10,27,37,40,31,47,30,82,9,23,52,64,81,35,21,20,22,56,43,41,9,5,8,53,31,50,30,16,84,11,31,24,60,24,32,11,41,10,59,58,24,35,60,4,50,14,8,81,49,62,8,25,7,78,53,70,20,37,2411,17,0,
51,2024-11-01 18:00:00,60,18,18,15,35,44,30,27,51,10,27,32,39,31,44,28,77,8,17,51,51,80,30,23,18,21,54,41,41,9,5,6,48,26,51,27,14,81,11,30,22,60,25,32,12,42,9,55,53,23,36,54,4,49,13,8,76,47,58,7,23,8,76,53,68,20,34,2296,18,0,
52,2024-11-01 19:00:00,61,17,17,14,35,45,29,28,53,8,28,26,42,30,49,27,69,8,13,54,45,78,29,24,18,21,48,43,44,8,5,6,50,26,53,28,15,86,11,31,25,57,26,36,13,45,8,58,55,25,37,60,4,52,15,8,79,51,56,7,23,8,80,52,74,20,35,2331,19,0,
53,2024-11-01 20:00:00,69,17,17,14,39,52,31,29,58,7,26,20,46,28,51,24,69,7,12,56,44,80,28,26,18,23,44,54,52,11,5,6,51,25,62,27,16,91,12,34,24,68,28,38,13,45,8,61,57,26,40,68,5,56,16,10,84,55,53,8,24,8,81,56,75,22,42,2452,20,0,
54,2024-11-01 21:00:00,90,18,19,15,46,64,38,32,68,6,34,18,53,31,63,23,70,8,11,60,40,88,31,31,20,27,45,61,68,10,6,5,56,22,72,27,19,96,13,33,26,73,32,39,13,48,8,71,61,29,42,75,5,70,18,12,89,62,59,7,24,9,86,60,81,25,43,2704,21,0,
55,2024-11-01 22:00:00,100,19,23,15,49,74,41,32,82,6,34,16,58,29,61,22,75,8,10,60,43,100,26,31,20,29,44,66,80,11,6,5,59,19,79,28,19,94,14,32,29,79,36,43,13,44,8,74,64,30,46,84,5,75,20,13,91,67,58,8,24,10,89,62,88,27,45,2851,22,0,
56,2024-11-01 23:00:00,92,18,23,15,51,84,43,32,87,6,43,15,59,30,59,21,84,7,10,62,39,99,27,30,21,28,43,65,84,10,6,5,62,18,84,28,20,100,14,31,31,100,32,49,12,39,8,77,67,34,50,84,5,74,20,15,89,72,59,8,26,9,96,63,92,28,46,2940,23,0,
57,2024-11-02 00:00:00,76,17,21,13,47,70,42,32,75,6,34,13,54,24,54,18,86,7,8,70,30,92,23,27,18,26,34,57,73,10,7,6,66,15,75,24,19,92,13,29,32,86,33,50,10,31,9,73,69,31,49,76,5,67,18,12,88,66,49,9,29,11,92,62,87,26,46,2719,0,1,
58,2024-11-02 01:00:00,60,14,16,11,42,56,38,30,66,6,29,10,49,21,44,14,74,5,8,55,23,76,21,17,15,24,28,48,67,9,7,5,83,15,71,24,18,87,13,27,31,87,32,50,11,29,8,68,74,31,44,68,5,57,16,10,90,62,43,9,28,11,96,63,77,27,46,2499,1,1,
59,2024-11-02 02:00:00,44,13,12,10,41,45,35,27,54,6,25,8,40,15,38,14,71,5,13,56,18,64,16,15,10,18,22,43,63,8,5,3,55,13,61,20,17,86,13,26,29,85,33,50,11,29,7,63,73,30,43,65,5,51,15,9,86,57,37,9,28,10,88,60,75,26,44,2266,2,1,
60,2024-11-02 03:00:00,38,11,10,8,34,38,28,22,49,6,21,7,33,14,34,11,67,4,11,52,16,49,13,9,7,14,17,36,48,7,4,3,48,11,50,17,14,84,12,23,24,76,27,46,11,27,7,53,72,27,38,55,4,43,13,8,83,57,30,8,30,8,86,57,65,23,40,1998,3,1,
61,2024-11-02 04:00:00,28,9,7,7,31,30,20,20,46,6,16,6,27,9,26,10,64,3,10,45,14,47,12,8,5,11,15,28,39,7,3,2,42,11,43,15,12,77,12,22,20,66,24,37,10,25,6,45,64,22,33,46,4,36,11,7,77,55,28,8,31,8,76,51,56,21,36,1748,4,1,
62,2024-11-02 05:00:00,26,8,7,7,26,26,16,15,39,5,13,9,27,10,21,9,58,4,9,39,18,41,11,7,4,7,16,21,30,8,3,2,30,13,33,13,10,69,10,20,19,62,21,34,11,28,5,38,61,17,27,38,3,30,9,6,71,50,26,8,31,6,66,44,52,19,33,1555,5,1,
63,2024-11-02 06:00:00,24,7,6,8,22,21,12,15,37,6,11,13,25,12,20,14,56,3,10,34,22,38,14,7,6,6,23,17,22,13,2,3,22,17,31,13,9,66,9,21,16,49,18,29,12,31,5,34,56,16,25,32,3,30,8,5,66,47,30,7,29,5,58,37,42,16,28,1451,6,1,
64,2024-11-02 07:00:00,31,7,6,9,22,22,9,14,33,7,10,20,24,15,24,18,61,4,14,34,30,37,17,8,7,6,36,16,20,19,2,6,22,26,33,16,9,67,9,23,14,45,19,24,16,37,5,32,52,17,24,31,3,28,8,5,61,45,37,7,28,4,55,36,42,16,26,1510,7,1,
65,2024-11-02 08:00:00,23,8,7,11,18,21,7,14,35,9,9,26,21,19,25,22,64,4,18,35,41,35,27,8,7,6,46,12,17,19,3,6,26,34,33,21,9,65,10,25,14,42,18,23,16,42,4,35,54,17,24,30,3,25,8,5,59,39,41,6,29,4,52,34,41,17,24,1552,8,1,
66,2024-11-02 09:00:00,24,9,9,12,16,22,7,14,31,9,9,33,21,20,27,26,64,5,20,33,43,41,22,7,8,6,54,14,16,16,3,6,31,37,33,24,9,69,9,26,13,41,17,22,16,41,4,34,48,17,25,29,3,26,8,4,56,36,47,6,26,4,49,32,39,16,24,1568,9,1,
67,2024-11-02 10:00:00,26,10,11,14,18,23,8,15,34,10,9,39,23,25,30,32,69,6,24,37,51,47,23,8,9,6,61,16,17,15,3,6,37,36,35,24,9,71,10,26,14,42,19,23,13,42,5,36,51,19,25,32,3,26,9,5,57,34,53,6,28,4,49,31,40,16,25,1680,10,1,
68,2024-11-02 11:00:00,29,12,13,15,20,28,10,17,34,12,11,43,33,29,34,34,68,6,24,36,53,51,28,9,11,7,60,19,19,15,4,6,46,33,36,25,11,68,11,24,15,41,21,24,12,39,5,42,51,21,27,36,3,28,10,6,58,37,59,6,28,4,52,35,42,18,28,1792,11,1,
69,2024-11-02 12:00:00,30,13,12,15,23,29,12,20,36,12,14,33,30,29,41,37,67,8,22,42,52,61,27,11,13,9,56,27,22,20,6,6,63,33,38,26,13,76,12,25,16,41,26,26,14,39,5,50,54,25,28,42,4,32,11,6,61,41,58,6,29,5,60,38,48,19,31,1936,12,1,
70,2024-11-02 13:00:00,30,12,11,14,26,31,13,21,38,11,16,24,31,27,42,33,70,7,23,44,46,61,29,12,13,11,45,34,25,21,7,7,77,34,45,31,14,76,13,25,18,47,26,27,13,39,6,54,56,29,34,49,4,38,12,7,65,45,54,7,29,6,68,40,56,23,34,2036,13,1,
71,2024-11-02 14:00:00,34,13,12,13,28,34,17,22,42,10,21,22,36,27,47,27,69,7,21,44,48,64,31,13,13,14,45,39,29,21,7,8,81,33,48,28,16,80,14,26,19,54,27,30,13,41,6,59,58,33,34,54,4,42,13,8,69,43,51,7,31,6,73,46,60,22,39,2146,14,1,
72,2024-11-02 15:00:00,44,14,14,14,32,38,21,25,45,11,24,25,41,27,57,27,71,8,21,47,62,69,33,16,15,17,52,45,37,20,7,8,75,31,53,29,16,81,14,27,20,57,27,31,12,41,6,62,57,33,38,59,4,46,14,8,70,45,55,7,28,7,71,47,61,23,39,2281,15,1,
73,2024-11-02 16:00:00,58,16,18,17,35,44,27,28,51,10,27,34,47,32,56,30,93,8,24,52,78,78,41,19,19,21,64,47,42,16,7,9,65,33,53,31,17,82,13,29,21,57,27,35,13,42,7,65,60,31,38,66,5,49,15,9,71,49,67,7,28,7,66,48,69,23,39,2485,16,1,
74,2024-11-02 17:00:00,64,18,20,17,39,54,30,30,59,11,27,41,49,34,64,34,92,9,26,55,73,83,40,21,23,25,69,50,44,13,6,9,63,29,60,31,17,85,13,30,24,62,30,34,12,46,7,66,58,29,41,67,5,56,17,10,78,54,66,7,27,7,77,53,79,24,43,2636,17,1,
75,2024-11-02 18:00:00,65,19,19,16,39,54,32,29,61,11,28,44,51,36,65,32,89,9,21,53,71,88,38,22,23,25,70,54,51,12,6,7,58,28,67,31,18,85,13,30,25,65,29,38,13,45,7,69,60,29,42,69,5,57,18,10,79,56,63,7,26,7,75,54,79,26,44,2667,18,1,
76,2024-11-02 19:00:00,66,19,19,15,41,57,33,30,62,9,27,32,50,36,82,31,77,9,17,56,64,84,35,23,22,26,55,59,54,11,6,7,58,29,76,33,18,90,14,31,27,70,31,40,14,48,7,70,61,29,46,74,5,62,19,11,81,57,60,8,28,8,79,55,86,25,42,2706,19,1,
77,2024-11-02 20:00:00,71,18,19,15,45,64,37,30,65,7,30,21,56,34,76,28,74,8,14,59,62,93,30,27,21,28,53,67,64,12,7,7,56,27,79,30,20,92,14,33,26,80,31,44,14,48,8,75,61,30,46,80,5,69,19,13,83,70,59,7,26,8,85,58,87,27,44,2796,20,1,
78,2024-11-02 21:00:00,83,19,21,17,49,77,38,31,80,7,28,20,60,38,80,26,75,9,15,60,65,95,29,25,23,30,54,71,75,13,7,7,62,24,89,36,21,95,15,33,31,82,33,45,14,51,9,81,66,31,50,87,5,78,21,15,87,86,66,8,25,9,88,64,95,30,52,3011,21,1,
79,2024-11-02 22:00:00,94,19,23,17,52,86,42,32,98,7,35,19,70,34,79,26,82,9,12,68,60,100,28,32,23,32,52,76,92,12,7,6,66,21,94,31,22,95,16,31,31,84,36,48,12,51,9,85,70,33,52,94,6,81,22,15,93,92,66,9,26,9,93,66,96,31,54,3164,22,1,
80,2024-11-02 23:00:00,92,20,24,16,54,88,42,33,100,7,35,17,72,34,72,21,81,9,11,63,60,99,30,32,26,33,48,68,100,16,7,6,66,18,100,32,23,97,16,31,30,93,36,52,13,42,8,88,71,34,55,89,5,83,22,15,98,97,63,9,28,10,97,68,97,33,51,3186,23,1,
81,2024-11-03 00:00:00,77,18,22,14,52,74,43,31,94,7,33,15,64,30,64,20,100,8,10,63,54,94,25,25,20,31,41,62,95,11,7,5,67,17,97,31,21,92,15,29,30,96,39,55,11,35,9,82,71,34,55,86,6,77,21,14,100,95,55,9,28,11,100,74,97,31,50,3049,0,1,
82,2024-11-03 01:00:00,63,15,17,12,44,63,41,27,79,6,28,11,51,23,55,16,89,7,9,61,47,79,19,19,14,22,32,50,85,11,7,5,60,15,78,27,19,90,14,28,32,89,36,45,11,33,9,74,77,32,48,76,5,62,18,12,97,89,46,9,30,10,92,73,84,28,47,2702,1,1,
83,2024-11-03 02:00:00,46,13,13,10,41,49,34,23,72,6,25,9,40,18,42,12,86,5,7,58,36,63,16,16,9,19,25,42,64,9,6,3,55,14,66,23,17,89,15,25,28,87,32,45,11,29,8,65,76,30,45,66,5,52,16,10,94,74,40,9,31,10,91,74,74,26,46,2395,2,1,
84,2024-11-03 03:00:00,37,11,10,9,36,40,29,21,59,6,21,8,36,14,37,12,78,4,7,52,33,59,12,10,8,15,20,34,51,8,5,3,45,13,52,19,16,83,13,23,26,75,30,45,10,28,7,60,74,27,41,58,5,47,14,9,92,75,35,9,32,9,92,74,71,25,43,2162,3,1,
85,2024-11-03 04:00:00,31,10,8,8,32,33,23,18,57,6,16,7,31,11,28,11,71,4,6,46,34,47,12,8,5,11,16,30,43,8,4,3,40,11,42,15,13,75,12,23,23,74,25,45,11,28,7,49,70,24,35,47,4,42,12,8,82,63,31,9,32,8,83,60,58,24,35,1898,4,1,
86,2024-11-03 05:00:00,25,9,7,7,30,29,17,16,47,6,14,9,28,11,29,10,66,4,6,42,30,45,10,7,5,9,18,26,33,8,3,2,30,12,34,13,11,72,11,20,19,61,23,36,10,29,6,43,66,22,31,41,4,36,10,7,83,57,29,8,32,6,74,50,55,21,36,1706,5,1,
87,2024-11-03 06:00:00,24,7,6,9,26,24,13,15,45,6,12,11,26,12,25,13,60,4,8,34,31,41,13,4,4,6,25,24,24,15,3,4,24,14,29,13,10,65,10,20,17,52,20,30,10,31,5,38,62,20,28,34,3,33,9,6,76,51,34,7,30,5,63,44,49,19,32,1567,6,1,
88,2024-11-03 07:00:00,22,7,6,10,24,22,9,14,41,8,10,21,24,15,27,17,62,5,10,34,31,38,15,6,5,7,38,20,20,24,3,6,22,19,30,16,9,61,10,22,15,46,19,26,14,37,5,36,57,18,26,32,4,31,9,6,69,46,39,7,29,4,53,38,44,17,25,1542,7,1,
89,2024-11-03 08:00:00,22,8,7,12,21,23,7,13,42,9,8,30,28,18,28,22,64,4,14,32,36,38,17,5,6,7,52,16,19,28,3,7,21,24,33,18,9,67,10,24,13,43,18,24,14,40,4,36,55,19,26,30,3,30,9,6,61,42,45,6,29,4,52,33,42,17,27,1580,8,1,
90,2024-11-03 09:00:00,23,9,8,13,20,23,7,15,40,10,9,34,24,20,30,26,64,5,17,32,41,42,17,8,6,6,62,17,18,24,3,7,25,29,32,22,10,68,11,24,13,41,22,23,14,42,5,38,53,20,27,30,3,28,10,6,61,38,50,6,29,4,48,33,41,18,26,1630,9,1,
91,2024-11-03 10:00:00,25,10,10,15,21,25,8,14,39,11,9,47,26,23,33,34,67,6,21,33,47,45,19,9,9,6,76,18,18,17,3,7,33,27,31,23,11,71,12,24,14,40,18,23,13,42,5,41,52,20,25,33,3,29,10,6,60,39,58,7,28,4,51,35,40,17,28,1724,10,1,
92,2024-11-03 11:00:00,26,11,11,16,20,27,10,17,42,12,9,50,27,26,35,35,66,7,20,33,48,48,20,9,9,8,81,22,18,16,4,6,41,24,32,23,12,68,12,21,15,44,21,24,12,44,5,45,51,20,27,35,3,32,11,7,57,39,62,7,27,5,52,35,40,18,29,1789,11,1,
93,2024-11-03 12:00:00,28,12,10,15,23,28,11,20,49,12,13,33,32,28,45,39,68,7,17,39,47,54,19,12,10,10,58,30,21,23,7,7,61,30,34,26,14,74,13,23,16,43,25,27,13,40,5,55,55,25,31,45,4,34,13,8,62,44,57,8,30,6,58,40,49,21,34,1950,12,1,
94,2024-11-03 13:00:00,27,11,10,13,28,32,12,21,54,12,16,23,37,24,52,33,66,7,16,43,42,60,19,11,11,12,47,41,24,26,8,8,81,24,36,27,16,79,15,26,17,47,28,27,14,41,6,61,58,31,34,48,4,43,14,9,63,48,50,8,29,6,65,42,56,22,37,2058,13,1,
95,2024-11-03 14:00:00,30,11,10,13,30,33,16,23,53,12,19,20,40,23,59,26,64,7,16,44,44,60,22,12,12,14,45,45,28,27,9,10,84,24,40,28,17,78,14,25,18,51,29,32,13,37,6,66,58,35,35,56,5,47,16,10,64,49,50,8,28,7,67,47,55,23,41,2140,14,1,
96,2024-11-03 15:00:00,38,13,11,14,32,36,19,25,57,12,24,24,45,28,62,24,70,7,19,46,50,64,24,11,13,19,57,49,32,27,9,10,83,21,42,29,19,80,15,27,18,49,28,33,12,41,7,72,62,37,40,64,5,55,17,11,66,49,56,8,28,7,71,49,59,25,44,2300,15,1,
97,2024-11-03 16:00:00,52,14,15,16,37,43,25,28,61,14,27,30,56,29,65,26,79,8,22,51,54,70,29,17,16,24,62,61,41,22,9,11,76,23,48,28,20,79,15,28,20,55,32,32,12,43,7,76,65,37,41,69,5,60,19,11,69,53,62,8,27,7,69,51,65,24,48,2498,16,1,
98,2024-11-03 17:00:00,58,17,16,17,41,47,30,32,67,14,26,37,60,33,70,27,84,9,27,53,59,73,29,18,19,25,68,60,49,18,8,9,66,21,50,30,20,83,14,31,21,58,29,34,12,43,6,78,62,35,41,72,5,65,19,12,72,58,66,9,26,7,73,50,74,28,48,2618,17,1,
99,2024-11-03 18:00:00,57,16,15,16,43,53,30,31,68,14,28,31,58,34,71,27,74,8,21,53,48,74,29,19,19,26,61,62,51,13,7,8,58,19,57,31,21,85,14,30,22,58,29,35,12,46,6,79,61,34,43,71,5,65,19,12,72,59,62,8,25,7,75,53,74,25,47,2584,18,1,
100,2024-11-03 19:00:00,52,16,15,16,45,53,30,33,72,10,25,24,57,32,79,26,73,8,16,58,45,76,27,22,20,28,57,70,57,11,6,7,60,19,65,32,20,92,15,32,24,65,33,38,14,49,7,77,68,33,46,76,5,72,21,12,75,62,60,9,26,8,81,55,82,27,54,2680,19,1,
101,2024-11-03 20:00:00,50,15,14,16,47,57,30,32,76,8,26,20,61,32,84,25,67,7,14,59,39,76,27,21,20,29,52,72,59,10,7,6,54,21,67,33,21,99,15,31,25,71,30,41,13,51,8,80,64,32,50,81,6,74,20,13,76,64,62,9,26,9,80,59,85,31,53,2712,20,1,
102,2024-11-03 21:00:00,64,15,16,15,50,68,34,31,85,7,28,18,68,32,93,22,72,8,13,64,40,77,25,24,21,33,51,89,67,11,7,6,58,17,72,32,23,97,16,33,28,76,31,42,14,51,8,89,67,33,52,85,6,87,23,16,85,73,58,9,25,10,86,62,90,31,57,2896,21,1,
103,2024-11-03 22:00:00,74,16,18,16,58,84,36,35,100,7,31,19,79,38,100,21,77,8,12,66,39,90,26,28,24,39,56,98,80,10,7,6,65,16,79,31,25,94,17,31,26,80,33,46,13,47,8,96,75,38,61,98,6,100,26,19,88,86,64,10,27,10,93,64,100,35,59,3164,22,1,
104,2024-11-03 23:00:00,72,16,19,18,58,91,38,35,96,7,33,16,78,35,93,19,77,7,11,66,40,91,26,29,22,38,53,100,74,11,7,5,63,15,79,29,26,95,17,30,29,83,36,45,13,38,9,100,79,39,59,100,7,94,25,19,96,94,69,11,27,11,99,66,97,37,58,3175,23,1,
105,2024-11-04 00:00:00,60,13,17,14,52,76,37,31,87,6,30,13,66,26,75,16,72,6,9,62,33,83,20,23,18,33,40,76,69,10,7,5,59,14,74,28,22,90,16,26,26,84,33,46,12,30,8,84,77,38,57,87,7,83,22,15,90,82,55,11,28,11,98,64,89,34,56,2841,0,0,
106,2024-11-04 01:00:00,45,12,13,12,48,60,32,28,71,6,27,10,52,21,59,15,67,6,7,59,27,62,17,15,14,24,33,58,56,9,6,4,53,12,63,23,20,86,15,26,26,78,32,48,12,28,8,75,74,34,48,73,6,63,17,12,86,74,46,10,27,11,94,61,80,30,50,2476,1,0,
107,2024-11-04 02:00:00,34,10,10,10,40,46,27,24,62,5,22,9,40,17,46,13,63,4,7,59,25,56,13,12,9,20,22,45,48,7,5,3,45,12,52,21,17,91,14,23,24,73,28,41,11,27,8,66,75,32,45,61,5,53,15,9,81,66,39,10,26,11,94,59,74,27,48,2196,2,0,
108,2024-11-04 03:00:00,26,9,8,9,35,37,21,20,49,5,18,6,33,12,34,11,57,3,6,51,22,49,10,8,7,16,19,35,40,6,4,2,39,11,45,17,15,82,12,24,22,69,26,41,10,25,7,59,73,29,42,56,5,45,13,8,80,66,34,9,27,10,85,56,66,26,48,1950,3,0,
109,2024-11-04 04:00:00,22,8,7,8,31,31,16,18,47,5,15,6,27,11,27,9,56,4,5,48,20,42,11,7,5,12,16,29,33,6,3,2,34,9,36,13,13,76,11,23,22,60,22,38,9,25,7,51,69,26,34,45,4,38,11,6,77,58,29,9,27,9,83,53,55,23,41,1733,4,0,
110,2024-11-04 05:00:00,16,6,5,7,26,22,12,14,37,5,12,8,23,10,21,9,45,3,5,39,17,32,9,5,4,7,17,22,23,6,2,2,23,10,29,11,11,66,9,21,18,51,19,31,11,27,5,41,61,21,26,37,3,31,9,5,64,48,26,8,26,6,69,42,45,19,31,1431,5,0,
111,2024-11-04 06:00:00,15,5,5,7,23,18,8,13,31,5,9,9,19,10,17,8,43,3,6,35,16,31,9,5,5,6,20,17,18,6,2,2,18,10,24,10,8,62,8,22,15,43,16,26,11,29,5,31,54,17,23,28,3,28,7,4,60,45,27,8,25,5,58,36,41,16,25,1274,6,0,
112,2024-11-04 07:00:00,15,6,5,8,21,16,6,12,29,6,8,12,18,11,17,12,45,3,7,31,20,28,9,5,4,6,26,16,15,6,1,2,15,11,20,11,7,59,7,26,12,37,14,21,12,35,4,27,50,15,20,25,3,24,7,4,53,40,29,7,23,4,52,31,36,16,24,1207,7,0,
113,2024-11-04 08:00:00,15,6,5,8,18,14,5,12,27,6,7,14,16,12,14,12,46,4,9,29,20,31,10,5,5,4,30,14,14,6,1,2,14,13,20,11,7,62,8,29,11,37,14,20,12,36,4,25,45,13,19,23,2,22,6,3,47,35,31,6,22,3,46,30,34,13,20,1164,8,0,
114,2024-11-04 09:00:00,15,7,6,9,16,15,5,13,26,7,7,18,17,14,16,14,48,4,11,29,26,29,12,5,5,5,34,11,14,6,1,2,18,13,20,13,7,62,8,28,12,32,14,20,12,36,4,26,44,14,19,23,2,21,6,3,46,34,35,6,22,3,45,31,33,13,20,1192,9,0,
115,2024-11-04 10:00:00,18,8,7,11,17,17,6,13,28,8,8,34,16,17,22,16,49,5,20,30,30,36,13,7,5,5,46,13,14,6,1,3,22,39,35,14,7,61,9,27,12,34,14,19,12,39,4,28,46,14,19,24,3,21,6,3,45,32,44,6,22,4,45,30,33,13,22,1337,10,0,
116,2024-11-04 11:00:00,18,8,8,12,18,18,7,16,29,9,8,25,17,18,19,18,51,6,13,35,28,40,13,7,6,5,45,15,15,6,2,3,28,16,21,14,8,63,9,25,13,34,15,20,12,37,4,31,46,16,20,27,3,23,7,4,47,33,45,7,23,4,46,31,35,15,20,1340,11,0,
117,2024-11-04 12:00:00,17,8,7,11,20,18,7,17,29,7,9,19,17,17,23,18,52,5,10,35,28,43,12,8,7,5,39,19,17,8,3,3,34,16,20,15,9,64,10,26,13,35,16,23,12,35,5,36,47,19,22,31,3,25,7,4,50,36,44,7,23,5,50,34,39,16,24,1393,12,0,
118,2024-11-04 13:00:00,18,7,6,10,20,20,8,17,29,7,12,16,20,15,27,18,51,4,11,39,26,43,13,7,8,7,34,21,19,8,3,3,43,16,24,17,11,67,11,28,15,40,18,23,12,34,7,40,50,20,26,33,4,27,8,4,52,37,40,7,25,6,55,36,43,16,28,1470,13,0,
119,2024-11-04 14:00:00,20,8,7,11,22,22,10,18,33,7,16,16,23,15,31,17,53,5,12,40,26,46,14,7,8,10,35,26,21,10,4,4,45,15,25,19,11,71,11,28,16,43,21,25,12,33,8,41,51,24,28,38,4,30,9,5,56,39,44,7,24,7,62,41,45,17,26,1578,14,0,
120,2024-11-04 15:00:00,25,9,8,13,27,26,14,21,37,8,18,21,28,19,36,18,63,6,15,45,35,50,16,8,11,14,47,33,25,9,4,5,45,17,28,19,13,74,11,29,17,46,20,29,13,36,9,50,53,25,31,44,4,38,11,6,61,42,49,8,24,7,67,46,51,18,32,1787,15,0,
121,2024-11-04 16:00:00,32,10,10,15,33,34,18,25,45,10,22,29,35,22,42,20,73,8,22,50,42,56,21,10,14,18,60,42,30,9,4,5,46,17,33,21,15,80,11,33,18,48,25,28,13,36,9,56,56,25,32,52,5,46,12,7,64,48,59,8,24,7,70,48,58,20,33,2029,16,0,
122,2024-11-04 17:00:00,39,12,11,17,43,36,22,29,54,12,26,39,42,27,51,24,81,8,30,52,50,64,26,15,19,19,69,49,34,9,5,6,48,19,37,24,16,78,12,34,20,53,22,30,13,39,10,61,58,26,35,58,5,53,14,8,67,53,66,8,23,7,72,54,70,22,38,2273,17,0,
123,2024-11-04 18:00:00,37,13,12,16,38,39,24,27,52,12,25,35,39,29,53,26,80,7,23,53,43,64,24,15,18,21,60,52,33,9,5,5,46,18,40,25,16,84,12,31,20,53,24,32,13,40,10,59,57,27,36,56,5,55,14,8,69,53,63,8,23,8,73,53,69,22,37,2248,18,0,
124,2024-11-04 19:00:00,38,12,11,15,37,40,23,30,54,9,22,24,39,25,49,23,72,7,16,56,37,60,21,12,18,22,54,51,36,8,5,5,45,20,44,25,15,85,13,34,24,58,25,33,13,43,10,58,56,25,36,56,5,53,15,9,68,54,59,8,21,8,71,56,69,23,39,2207,19,0,
125,2024-11-04 20:00:00,37,12,11,15,38,42,24,28,56,7,23,18,43,25,56,22,71,6,12,58,34,57,20,16,18,24,46,58,38,8,5,5,48,18,47,26,17,85,13,34,25,64,25,35,14,47,10,64,56,28,39,64,5,60,16,10,74,58,59,8,22,10,77,57,75,27,39,2289,20,0,
126,2024-11-04 21:00:00,42,12,12,16,43,52,26,28,64,6,27,17,51,31,68,20,72,7,12,59,32,63,20,14,21,31,47,72,46,9,6,5,51,16,49,22,18,90,13,31,23,65,27,38,14,47,9,67,63,29,43,70,5,72,20,13,74,65,62,9,23,10,81,61,78,24,44,2457,21,0,
127,2024-11-04 22:00:00,50,13,13,17,54,68,30,29,79,6,29,16,58,32,80,18,86,7,12,61,33,74,19,19,24,34,48,93,55,9,6,5,52,14,53,26,19,90,14,31,25,69,29,42,13,43,9,73,63,33,47,80,6,87,22,16,80,79,68,10,23,11,83,63,86,29,50,2715,22,0,
128,2024-11-04 23:00:00,57,13,14,16,57,70,32,31,84,6,29,14,62,30,83,16,87,6,11,61,32,75,21,17,23,35,47,91,61,9,6,4,53,13,56,24,20,85,15,29,28,75,28,42,12,34,8,77,68,36,51,83,6,92,23,17,82,84,64,10,24,11,91,61,90,31,49,2772,23,0,
129,2024-11-05 00:00:00,47,12,13,15,53,65,30,30,77,6,29,12,54,26,71,14,84,6,9,57,29,66,18,14,20,35,39,76,57,9,6,4,55,14,53,25,20,82,15,27,25,73,28,44,12,30,7,78,68,35,52,81,6,78,20,14,81,77,57,10,25,12,88,60,78,31,52,2596,0,0,
130,2024-11-05 01:00:00,38,10,11,12,47,53,28,28,67,6,27,9,47,22,52,13,85,5,8,59,23,63,15,11,14,27,29,58,51,8,5,3,48,11,51,23,19,78,14,25,25,73,28,44,12,26,7,72,67,33,47,71,6,64,17,11,78,75,48,9,24,11,92,59,75,28,45,2350,1,0,
131,2024-11-05 02:00:00,32,9,9,10,39,44,24,24,56,6,22,7,38,17,44,11,86,4,7,52,17,49,12,10,10,22,22,46,42,7,4,2,44,10,46,20,17,84,13,25,24,74,29,42,11,26,7,64,69,30,42,60,5,51,15,9,80,68,38,9,24,11,87,55,69,29,45,2116,2,0,
132,2024-11-05 03:00:00,24,8,8,9,36,34,19,21,45,6,19,7,32,12,34,9,69,3,6,54,17,46,13,7,8,16,16,33,39,6,3,2,39,10,40,16,14,78,11,23,23,69,24,38,11,26,6,53,68,27,39,52,5,42,12,7,74,62,33,9,25,10,81,56,61,23,41,1869,3,0,
133,2024-11-05 04:00:00,21,7,6,7,30,28,16,18,45,5,15,6,27,10,26,8,59,3,5,45,15,39,8,5,5,11,13,27,30,6,3,2,34,10,36,14,12,72,11,22,20,59,22,37,11,26,6,44,66,25,33,45,4,37,10,6,67,58,28,8,25,8,77,51,53,22,38,1648,4,0,
134,2024-11-05 05:00:00,18,6,5,7,26,21,11,15,37,5,12,7,22,9,20,8,55,3,6,38,15,35,9,6,4,8,17,20,22,5,2,2,25,10,29,11,9,62,9,20,16,54,18,31,10,28,5,36,62,20,27,36,4,29,8,5,61,46,26,7,24,6,68,41,44,19,31,1413,5,0,
135,2024-11-05 06:00:00,16,6,5,7,21,18,7,13,32,6,9,10,19,8,17,10,47,3,6,34,15,28,9,4,4,6,19,15,18,6,2,2,19,11,23,11,8,61,8,23,14,47,15,27,11,31,5,30,50,16,23,28,3,25,7,4,57,43,27,7,23,5,59,35,37,15,27,1257,6,0,
136,2024-11-05 07:00:00,15,6,5,8,18,16,5,25,29,5,8,12,17,11,15,10,44,3,8,32,21,29,9,5,4,4,24,15,15,6,2,2,16,12,21,11,7,59,7,27,13,38,14,23,12,35,4,27,49,15,21,25,3,24,6,4,52,39,30,6,22,4,51,33,36,14,23,1211,7,0,
137,2024-11-05 08:00:00,16,6,5,8,18,16,5,12,27,6,8,16,17,11,16,13,46,4,9,29,22,32,11,5,4,5,30,12,14,6,1,2,16,14,20,11,7,60,8,28,12,38,13,21,13,40,4,26,47,13,19,23,3,22,6,4,49,36,32,6,22,3,46,31,36,14,23,1198,8,0,
138,2024-11-05 09:00:00,18,7,7,9,15,16,8,17,28,6,8,18,16,13,15,15,47,5,11,31,31,37,12,6,5,4,37,12,15,6,2,2,22,15,20,13,7,58,8,30,12,35,14,20,13,37,4,28,46,14,19,23,3,22,6,3,44,36,36,6,22,4,44,31,35,13,21,1243,9,0,
139,2024-11-05 10:00:00,18,8,8,11,16,17,7,14,29,7,8,22,15,15,16,17,49,5,12,33,31,40,13,8,6,4,42,12,13,5,2,3,27,15,20,14,7,59,9,28,12,34,14,19,12,38,4,27,45,14,19,24,3,22,6,3,46,34,41,6,22,4,45,29,34,13,21,1276,10,0,
140,2024-11-05 11:00:00,20,9,8,12,18,18,9,16,29,8,10,25,17,18,19,19,52,6,12,34,31,47,15,8,6,5,44,15,15,6,2,2,31,16,20,15,8,59,9,25,12,36,14,20,13,36,4,31,46,15,20,27,3,23,7,4,49,35,46,6,22,4,45,30,35,14,23,1358,11,0,
141,2024-11-05 12:00:00,18,7,7,12,20,18,8,17,29,8,10,20,18,17,22,19,51,6,11,36,28,44,14,8,8,5,38,17,16,8,3,3,42,16,22,16,9,63,10,26,13,36,17,22,13,36,5,36,45,18,23,31,3,26,7,4,48,36,46,7,24,5,49,34,38,15,26,1413,12,0,
142,2024-11-05 13:00:00,18,8,6,10,19,19,9,17,30,7,12,15,19,14,26,16,49,5,10,38,24,43,13,8,8,7,33,20,17,8,3,3,49,17,23,17,10,62,10,25,14,39,19,24,13,34,5,37,47,20,24,32,3,27,7,4,50,36,40,7,25,6,55,36,42,14,26,1433,13,0,
143,2024-11-05 14:00:00,20,8,6,11,22,20,11,18,29,7,15,15,22,15,29,16,53,5,11,41,28,45,14,8,8,10,34,25,22,9,4,4,55,16,26,19,11,70,11,29,15,44,18,25,13,34,7,42,51,23,25,37,4,29,8,5,55,40,41,7,24,6,60,42,44,17,27,1565,14,0,
144,2024-11-05 15:00:00,24,9,8,12,24,25,14,21,36,8,16,19,26,18,35,18,57,6,14,44,35,48,16,8,11,12,43,29,23,9,4,4,54,17,28,20,12,69,11,28,16,44,20,25,13,34,7,46,50,24,28,40,4,36,9,5,57,41,47,7,24,7,65,45,50,17,27,1703,15,0,
145,2024-11-05 16:00:00,34,11,11,14,30,30,20,25,43,9,22,27,35,21,40,19,66,7,22,48,42,60,21,12,14,16,58,39,30,9,4,5,53,18,32,22,14,72,11,29,17,48,21,27,12,35,8,53,52,24,30,50,4,41,11,6,62,48,56,7,23,7,64,47,53,19,31,1951,16,0,
146,2024-11-05 17:00:00,41,12,11,16,36,35,23,28,52,11,23,34,38,23,46,22,74,8,26,51,43,60,25,12,18,19,60,42,33,9,4,5,50,19,37,24,15,74,12,31,19,53,21,28,12,37,8,57,53,26,34,55,5,48,13,7,65,51,62,7,22,7,65,48,60,21,31,2117,17,0,
147,2024-11-05 18:00:00,38,12,11,15,36,36,25,26,50,10,23,31,38,26,44,23,72,7,21,52,44,61,24,14,18,20,57,44,35,8,4,4,48,18,38,25,15,77,11,30,23,52,25,29,12,38,9,56,52,23,33,57,5,48,13,7,65,53,58,7,21,7,64,47,60,20,34,2109,18,0,
148,2024-11-05 19:00:00,37,12,11,14,33,36,25,26,50,8,23,22,34,23,42,21,62,7,18,55,37,58,21,14,17,21,42,41,34,7,4,4,48,20,41,25,15,77,11,32,21,54,23,29,13,41,8,56,52,24,34,54,5,49,13,8,63,51,54,7,21,7,67,47,61,20,32,2042,19,0,
149,2024-11-05 20:00:00,36,10,11,12,32,37,24,25,49,6,21,15,36,22,47,17,54,6,12,52,29,53,17,15,16,22,39,49,36,7,4,4,47,25,42,25,15,77,12,31,22,58,23,31,13,43,8,56,51,23,35,55,5,49,13,8,60,51,48,7,21,8,66,50,60,20,33,2006,20,0,
150,2024-11-05 21:00:00,42,11,11,13,36,46,27,25,56,6,22,13,43,23,61,18,55,6,11,55,26,59,19,16,18,25,37,66,45,8,4,4,50,24,46,23,17,78,13,31,21,58,24,35,12,44,8,64,56,26,39,60,5,61,16,10,64,60,50,7,21,8,70,53,65,21,37,2184,21,0,
151,2024-11-05 22:00:00,56,12,13,14,44,59,33,27,67,6,28,14,51,28,67,15,61,6,11,55,31,66,18,16,22,32,39,80,53,7,5,3,50,16,48,25,17,85,13,29,22,67,23,36,12,41,7,66,57,29,41,70,5,74,19,14,70,65,54,8,21,9,76,54,75,26,42,2405,22,0,
152,2024-11-05 23:00:00,59,12,13,14,47,65,36,28,74,6,28,13,54,28,65,15,62,6,9,54,27,68,17,19,23,34,36,74,62,7,5,3,54,13,50,24,19,79,13,26,25,66,26,42,12,33,7,73,59,31,44,75,5,81,19,15,73,75,54,9,22,10,77,60,74,27,42,2477,23,0,
153,2024-11-06 00:00:00,48,10,12,12,42,54,32,25,65,5,27,9,44,21,58,12,54,5,7,51,22,61,14,17,17,29,29,60,56,7,5,3,46,11,47,23,18,71,13,26,21,61,25,35,12,24,6,68,56,29,39,64,5,66,16,12,69,69,46,8,22,9,71,52,65,24,40,2182,0,0,
154,2024-11-06 01:00:00,36,8,10,9,34,43,26,22,52,5,22,7,36,17,41,10,51,4,6,47,16,52,12,10,12,22,23,44,44,6,4,3,42,10,40,20,14,71,11,23,21,63,24,39,10,22,6,55,60,26,38,56,5,51,13,9,65,60,36,7,22,9,68,47,54,22,37,1890,1,0,
155,2024-11-06 02:00:00,27,7,7,7,31,33,22,20,40,4,19,5,28,13,33,9,45,4,5,44,12,46,10,9,8,17,16,32,35,5,3,2,36,10,38,17,13,63,10,21,19,56,20,32,9,21,6,50,56,23,33,49,4,40,11,7,66,54,29,7,21,9,66,43,50,19,34,1640,2,0,
156,2024-11-06 03:00:00,19,7,6,6,26,25,16,16,39,4,14,5,21,10,24,7,43,4,5,38,9,35,8,5,5,12,13,26,28,5,3,1,32,8,31,13,11,58,9,19,17,50,19,31,8,20,5,43,57,21,28,42,4,32,9,5,56,48,24,7,19,7,62,41,45,17,31,1414,3,0,
157,2024-11-06 04:00:00,16,6,5,5,21,20,12,13,31,4,10,4,19,7,19,7,39,3,4,33,9,31,7,5,4,10,12,19,24,4,2,1,23,7,24,11,9,52,8,19,14,45,15,27,8,21,4,34,51,17,24,33,3,27,8,4,53,43,21,6,20,6,57,38,37,14,26,1215,4,0,
158,2024-11-06 05:00:00,13,5,5,5,20,16,9,12,27,4,9,6,16,7,14,7,38,3,4,30,12,28,8,4,4,6,11,15,18,4,2,1,20,8,22,9,7,51,7,18,13,39,14,24,8,22,4,29,47,15,19,28,2,24,6,4,50,39,20,6,20,5,54,34,36,15,23,1105,5,0,
159,2024-11-06 06:00:00,13,5,4,6,18,14,6,10,26,5,7,8,14,8,13,7,39,4,5,28,14,26,8,4,3,5,16,12,16,5,2,1,16,9,18,9,7,48,7,20,11,35,13,21,9,26,4,26,43,12,18,23,2,22,5,3,47,35,22,6,19,4,46,29,30,12,21,1030,6,0,
160,2024-11-06 07:00:00,12,5,4,6,15,13,5,10,23,4,6,10,14,8,13,9,37,4,7,27,13,28,9,8,4,3,19,11,13,5,1,2,14,10,18,9,6,46,6,22,10,31,12,19,9,29,3,23,40,12,16,21,2,20,5,3,41,32,25,5,18,3,43,27,29,12,18,987,7,0,
161,2024-11-06 08:00:00,14,6,5,7,15,13,4,11,25,5,6,12,14,10,12,13,39,4,9,26,16,28,10,5,4,4,29,10,13,5,1,2,14,13,18,11,6,52,6,27,11,32,12,17,12,32,3,23,40,12,16,21,2,20,5,3,42,30,28,5,19,3,40,27,27,11,18,1035,8,0,
162,2024-11-06 09:00:00,14,7,5,8,14,14,5,11,24,5,6,16,12,13,14,13,41,5,10,30,21,32,12,5,4,3,32,10,14,5,1,2,17,14,18,13,6,53,7,26,10,30,11,19,12,33,3,23,40,12,17,21,2,20,5,3,39,30,31,5,19,3,40,26,28,12,18,1074,9,0,
163,2024-11-06 10:00:00,18,8,6,10,14,15,6,12,24,7,8,23,15,14,14,16,45,5,12,31,26,35,13,6,6,4,37,11,17,5,2,2,22,15,18,13,7,53,7,26,11,32,13,19,12,34,4,25,41,12,18,23,2,20,6,3,41,29,37,6,20,3,40,27,30,11,18,1165,10,0,
164,2024-11-06 11:00:00,18,8,7,11,15,15,7,14,25,8,8,22,13,16,17,16,46,5,12,30,28,38,13,8,6,4,42,12,20,5,2,2,26,16,18,14,7,55,8,23,12,30,13,18,11,35,4,29,40,13,18,24,2,22,5,3,41,30,43,6,20,3,41,26,29,11,19,1208,11,0,
165,2024-11-06 12:00:00,17,7,6,10,16,16,8,15,28,7,9,18,15,14,17,17,48,5,10,32,23,38,13,6,6,5,37,13,17,6,2,3,34,16,20,15,9,56,9,24,11,34,15,20,12,33,4,33,40,16,19,27,3,24,6,3,42,30,40,6,22,4,43,30,35,13,19,1251,12,0,
166,2024-11-06 13:00:00,17,7,6,10,17,17,8,15,26,6,11,14,16,13,20,15,47,5,10,33,23,40,12,7,7,6,32,17,18,7,3,3,41,16,25,17,10,60,10,25,13,34,16,23,11,33,6,36,43,18,21,31,3,25,7,4,47,33,37,6,22,5,49,33,35,13,23,1319,13,0,
167,2024-11-06 14:00:00,20,8,7,10,19,19,10,17,29,7,18,15,19,15,24,16,49,5,11,36,26,46,13,7,8,9,32,21,20,8,3,4,45,18,23,19,11,65,9,25,15,38,18,22,12,34,8,40,46,20,23,34,3,28,7,4,50,35,38,7,23,6,56,39,42,15,23,1452,14,0,
168,2024-11-06 15:00:00,25,9,8,11,23,22,12,19,30,7,17,18,23,14,28,17,57,5,14,41,31,48,14,10,10,11,39,26,24,9,3,4,45,18,27,20,12,66,10,30,16,39,19,25,12,34,8,44,46,21,27,39,3,32,9,5,56,39,43,8,23,6,58,42,46,15,27,1599,15,0,
0,2024-10-23 19:00:00,35,11,9,11,41,43,26,29,47,7,21,15,36,25,46,27,40,6,7,38,27,54,17,12,15,22,41,46,38,8,7,4,55,20,45,30,15,79,11,31,22,63,23,35,13,51,9,62,59,25,36,57,5,51,15,8,69,46,47,7,20,8,74,50,64,20,35,2071,19,0,0.0
1,2024-10-23 20:00:00,37,11,10,12,46,49,28,31,55,7,22,14,42,29,58,36,45,6,8,42,26,57,18,12,17,25,39,65,44,9,8,4,61,17,52,27,16,81,12,31,28,69,25,36,14,54,9,66,64,29,39,66,6,62,16,11,73,54,51,7,22,10,77,53,72,23,40,2285,20,0,1.0
2,2024-10-23 21:00:00,52,12,12,14,56,69,35,35,69,7,29,15,53,32,71,23,50,6,8,46,26,69,20,16,23,33,44,86,56,9,10,4,70,17,59,33,18,88,14,33,30,77,28,42,13,51,10,77,70,33,48,78,6,82,21,15,83,69,58,9,24,11,84,60,82,28,47,2658,21,0,2.0
3,2024-10-23 22:00:00,59,14,15,15,65,85,41,38,85,7,33,14,64,38,79,20,55,6,8,49,27,75,22,21,24,40,43,88,68,10,11,4,77,15,67,34,19,92,16,31,33,85,31,45,14,43,9,80,76,38,53,88,7,96,24,18,88,78,61,10,26,11,91,65,89,33,54,2920,22,0,3.0
4,2024-10-23 23:00:00,54,14,14,14,60,89,43,37,83,7,33,12,61,33,71,17,51,6,7,47,22,75,19,16,24,36,41,81,69,10,11,4,79,14,70,33,20,90,16,30,32,90,32,50,14,35,9,87,84,40,55,89,7,89,23,16,90,78,59,10,27,13,96,63,89,34,53,2877,23,0,4.0
5,2024-10-24 00:00:00,45,12,12,12,55,67,37,35,68,6,29,10,49,27,59,16,51,5,6,45,19,60,16,14,19,32,31,63,60,9,10,4,76,14,61,30,18,85,14,28,30,89,30,50,11,30,8,77,78,34,50,77,7,77,19,13,85,73,49,9,28,13,92,63,80,26,46,2553,0,0,5.0
6,2024-10-24 01:00:00,35,10,10,10,50,57,32,33,59,6,26,9,45,20,47,14,53,4,5,44,15,57,14,11,13,24,26,50,52,9,10,3,62,14,54,26,16,80,13,26,27,89,29,46,13,28,8,70,77,33,45,68,7,63,17,10,83,64,42,10,27,13,90,60,74,25,42,2304,1,0,6.0
7,2024-10-24 02:00:00,27,9,8,8,42,42,28,26,50,6,22,7,36,15,36,12,60,4,4,38,12,46,13,10,9,22,20,37,47,7,8,2,54,12,49,23,15,74,12,25,26,75,28,43,11,27,7,62,74,31,40,58,6,51,14,8,77,57,34,8,26,11,84,59,66,23,41,2024,2,0,7.0
8,2024-10-24 03:00:00,21,8,7,7,37,36,22,23,46,5,17,6,29,14,28,12,71,4,4,34,11,41,9,6,7,16,15,30,36,6,6,2,47,11,35,18,12,75,11,22,23,72,24,36,11,28,7,52,71,27,35,50,5,43,12,7,73,55,29,8,26,10,79,54,56,20,39,1799,3,0,8.0
9,2024-10-24 04:00:00,17,7,5,6,30,28,17,19,41,5,13,7,23,10,22,11,66,3,4,29,12,34,10,6,5,9,16,23,29,7,4,2,35,11,33,16,10,65,10,21,18,56,20,32,11,31,6,41,69,22,29,38,4,34,9,5,65,48,26,8,25,7,71,45,48,18,32,1539,4,0,9.0
10,2024-10-24 05:00:00,15,6,5,6,22,22,12,16,35,5,10,9,21,10,21,11,45,3,5,27,14,28,8,4,5,8,21,17,22,7,3,2,25,14,29,14,8,61,8,22,15,46,17,27,12,36,5,36,61,18,26,32,3,29,9,5,57,43,27,7,25,6,62,41,39,16,29,1355,5,0,10.0
11,2024-10-24 06:00:00,14,6,4,7,21,20,8,15,30,5,8,12,18,12,17,15,37,3,5,24,17,28,10,5,5,5,27,15,17,8,2,2,20,14,25,14,7,58,8,26,13,43,14,23,12,39,5,32,54,16,23,27,3,25,7,4,55,38,29,7,24,4,53,34,38,15,24,1255,6,0,11.0
12,2024-10-24 07:00:00,16,6,5,8,19,18,7,15,30,6,8,16,21,14,17,17,37,3,7,22,18,29,12,5,6,5,39,13,16,8,2,3,20,18,25,16,7,59,7,28,13,39,13,21,13,42,4,30,52,15,22,27,3,25,7,4,50,35,33,6,24,4,51,32,35,13,20,1261,7,0,12.0
13,2024-10-24 08:00:00,18,7,6,9,19,19,7,15,30,7,8,19,20,15,18,20,40,4,9,24,27,34,12,6,6,5,43,13,15,8,2,3,23,19,27,18,7,59,7,28,14,37,13,21,13,43,4,30,48,16,21,26,3,24,7,4,49,36,37,6,24,4,47,32,34,14,22,1305,8,0,13.0
14,2024-10-24 09:00:00,19,8,7,11,20,20,8,16,30,8,8,25,19,17,18,21,40,5,10,22,30,38,12,6,6,5,50,13,14,7,2,3,28,21,25,19,7,59,8,27,13,35,14,20,13,44,4,30,49,16,21,27,3,24,7,4,47,34,44,6,24,4,48,30,36,14,20,1343,9,0,14.0
15,2024-10-24 10:00:00,20,9,8,12,21,23,9,19,32,9,9,28,20,22,22,25,40,5,10,26,32,40,16,8,8,5,57,16,16,7,3,3,38,22,27,21,8,60,8,26,13,38,15,21,13,46,5,34,49,18,23,29,3,26,8,4,50,33,49,6,24,4,49,33,38,15,22,1458,10,0,15.0
16,2024-10-24 11:00:00,18,8,7,12,23,23,9,22,33,9,10,23,19,20,23,25,39,5,8,27,29,42,15,9,9,5,45,18,18,8,5,3,46,21,28,22,9,60,9,25,14,40,17,21,13,44,6,40,50,19,23,33,3,27,8,5,52,35,48,7,24,5,53,34,41,15,23,1489,11,0,16.0
17,2024-10-24 12:00:00,19,8,7,10,24,24,10,21,31,8,13,16,19,19,27,24,39,4,8,27,29,42,14,9,8,7,38,22,21,9,5,4,59,21,29,24,11,61,10,27,16,46,19,24,13,42,8,45,53,22,26,38,4,30,9,5,54,37,43,6,25,6,54,36,46,16,27,1558,12,0,17.0
18,2024-10-24 13:00:00,21,8,7,10,25,24,12,22,30,7,16,15,22,18,29,22,40,4,8,30,26,45,14,8,9,9,35,25,23,9,5,4,62,21,31,26,11,71,11,27,18,48,20,26,12,40,10,47,54,22,29,39,4,31,9,5,61,37,42,7,26,7,63,41,49,17,27,1633,13,0,18.0
19,2024-10-24 14:00:00,27,9,8,11,30,29,16,25,38,8,20,18,25,19,35,23,41,5,10,33,31,51,17,9,12,11,43,32,28,10,6,5,61,24,35,26,12,72,11,28,18,52,22,30,12,43,10,51,59,26,30,45,5,38,10,6,63,44,47,8,27,8,67,46,54,17,30,1822,14,0,19.0
20,2024-10-24 15:00:00,36,11,10,13,39,34,22,29,44,9,23,25,34,26,41,25,49,6,14,37,39,62,22,12,15,17,56,37,34,10,6,5,61,25,37,26,14,74,12,31,20,56,22,29,12,43,10,57,57,27,32,50,5,48,12,7,64,49,56,8,25,7,66,46,60,20,32,2042,15,0,20.0
21,2024-10-24 16:00:00,41,12,12,14,45,42,27,34,51,11,26,34,38,29,44,28,53,7,16,37,46,64,25,13,19,19,65,43,37,9,6,6,58,25,43,30,14,75,11,30,21,57,24,30,12,41,11,61,59,26,35,55,5,54,13,8,74,49,58,8,24,8,72,51,64,20,32,2211,16,0,21.0
22,2024-10-24 17:00:00,41,13,12,15,43,43,30,32,50,12,24,32,38,31,44,31,52,7,15,39,45,66,22,14,19,21,59,44,39,9,6,5,56,25,44,32,14,78,11,30,22,60,23,33,13,45,12,61,61,26,37,59,5,53,14,8,75,53,60,7,24,8,75,53,73,20,35,2258,17,0,22.0
23,2024-10-24 18:00:00,38,13,11,13,42,41,30,32,49,9,25,23,36,29,45,28,46,6,11,38,40,61,21,14,17,21,52,43,38,8,6,5,56,27,47,32,14,80,11,31,23,62,25,34,13,47,10,58,58,26,35,59,5,55,14,8,71,50,55,7,22,9,74,54,73,19,36,2191,18,0,23.0
24,2024-10-24 19:00:00,37,12,10,12,40,44,28,30,49,6,24,16,36,27,47,26,41,6,8,39,32,58,19,13,17,21,45,46,42,8,6,4,57,23,50,32,14,78,12,30,20,64,24,34,13,48,9,59,60,26,36,61,5,59,14,8,71,49,51,7,22,9,72,53,75,21,34,2149,19,0,24.0
25,2024-10-24 20:00:00,43,12,11,13,43,55,31,34,53,6,26,16,42,26,53,22,43,5,8,42,28,58,18,14,17,25,42,58,52,9,7,4,58,21,55,31,16,81,12,31,23,71,30,37,14,50,9,67,64,28,40,67,5,63,16,10,73,52,54,7,21,9,77,54,75,24,34,2295,20,0,25.0
26,2024-10-24 21:00:00,57,13,13,15,51,66,36,37,66,6,29,16,50,33,69,22,46,5,8,46,29,75,22,19,22,30,44,73,66,9,8,4,70,19,65,33,18,89,14,30,26,79,27,37,14,50,9,78,68,31,45,78,6,81,20,14,80,65,60,8,23,10,96,60,87,25,43,2643,21,0,26.0
27,2024-10-24 22:00:00,63,15,15,15,64,82,44,42,85,6,35,17,58,38,72,20,48,6,7,47,30,80,22,21,22,37,46,77,85,10,9,4,78,18,72,35,20,90,15,31,30,89,31,45,14,42,9,83,73,38,52,85,7,92,22,16,87,78,63,9,26,11,93,66,98,29,49,2918,22,0,27.0
28,2024-10-24 23:00:00,63,14,15,14,61,85,42,40,82,6,36,13,58,32,66,16,50,6,7,44,28,82,20,19,21,34,39,76,98,10,10,4,79,14,71,34,20,87,14,30,30,90,31,51,13,35,9,85,75,39,53,88,7,91,21,15,92,73,59,9,26,12,94,64,93,29,50,2874,23,0,28.0
29,2024-10-25 00:00:00,53,13,13,12,54,65,41,36,69,6,33,12,51,25,53,16,46,5,5,41,23,67,17,15,17,28,30,61,91,9,9,4,77,15,61,31,18,89,14,28,30,88,30,45,14,29,9,78,74,35,48,80,6,77,19,12,90,70,48,9,25,12,95,61,95,27,49,2608,0,0,29.0
30,2024-10-25 01:00:00,40,11,11,10,51,60,35,34,56,7,30,8,46,20,45,13,46,4,5,41,17,57,14,13,12,23,24,46,85,8,8,4,66,13,67,28,17,84,14,25,26,82,29,45,11,30,8,72,75,33,46,72,6,65,16,10,84,65,41,9,26,11,91,60,80,26,44,2361,1,0,30.0
31,2024-10-25 02:00:00,30,10,9,9,43,42,32,29,49,5,23,8,36,15,38,12,42,3,4,40,13,50,11,9,10,19,20,37,66,7,6,3,57,13,52,24,15,78,12,26,26,78,27,45,11,29,7,62,76,30,42,60,6,53,14,8,80,58,36,9,24,12,85,58,75,23,42,2083,2,0,31.0
32,2024-10-25 03:00:00,25,9,7,7,37,37,25,24,46,5,20,6,29,12,28,11,40,3,4,36,12,42,11,8,6,13,17,28,47,7,5,2,49,11,45,19,13,73,10,24,22,70,24,38,11,28,7,54,72,27,39,48,5,45,12,7,72,54,29,8,26,10,81,51,65,22,40,1820,3,0,32.0
33,2024-10-25 04:00:00,19,7,6,7,28,29,19,21,39,5,15,8,22,11,21,11,35,2,4,32,12,35,10,7,5,10,17,21,35,6,4,2,39,13,39,16,10,65,10,22,19,58,21,33,11,31,6,42,63,22,29,41,4,36,10,5,68,50,27,7,25,7,71,45,54,18,33,1555,4,0,33.0
34,2024-10-25 05:00:00,19,7,5,7,25,22,13,17,33,6,11,10,22,12,18,12,34,3,5,27,15,31,10,7,5,8,24,17,26,7,3,2,29,17,31,16,8,61,9,23,17,52,17,28,12,35,5,35,60,19,28,34,3,30,8,5,60,44,29,7,27,6,63,38,42,16,29,1406,5,0,34.0
35,2024-10-25 06:00:00,19,6,5,8,21,19,10,17,30,5,9,13,21,12,18,15,33,3,6,25,22,33,10,5,6,6,29,14,20,8,2,3,22,20,30,16,7,59,8,26,14,43,16,23,12,37,5,32,53,17,23,30,3,24,7,4,52,37,32,6,25,4,51,32,38,15,23,1299,6,0,35.0
36,2024-10-25 07:00:00,20,7,6,9,19,19,8,17,30,7,9,17,21,14,17,19,35,3,8,23,26,31,14,6,6,5,33,12,17,9,2,3,21,23,28,18,7,59,7,28,12,39,15,23,12,39,4,31,47,16,22,27,3,25,7,4,54,35,36,6,23,4,49,32,37,14,22,1301,7,0,36.0
37,2024-10-25 08:00:00,21,8,7,10,19,20,8,17,29,7,8,20,21,17,21,20,37,4,9,25,30,38,15,7,7,6,41,12,17,8,2,3,26,27,35,18,7,59,7,28,14,39,14,21,14,43,4,31,49,16,22,27,3,25,7,4,53,34,40,5,24,4,47,30,38,13,20,1362,8,0,37.0
38,2024-10-25 09:00:00,23,9,8,11,19,22,10,18,31,8,9,27,20,17,20,24,37,4,10,26,33,39,18,7,8,6,50,14,17,8,2,3,34,26,31,20,7,60,8,27,13,38,15,21,13,41,4,31,49,16,22,28,3,25,7,4,51,34,46,5,23,4,48,30,37,14,23,1416,9,0,38.0
39,2024-10-25 10:00:00,23,10,9,12,21,24,12,22,33,9,10,27,19,22,25,27,41,5,10,26,37,40,20,9,8,6,54,15,20,8,3,3,41,26,31,22,8,61,8,25,14,40,16,21,13,42,5,35,49,17,24,32,3,26,8,4,53,36,52,6,25,4,49,32,42,15,24,1519,10,0,39.0
40,2024-10-25 11:00:00,24,10,9,13,22,25,10,23,31,9,12,22,20,23,25,30,39,5,9,28,34,45,20,9,8,6,48,18,21,9,4,3,58,28,33,24,10,62,9,27,15,41,18,23,13,41,6,42,52,20,26,35,3,28,8,5,54,35,52,6,26,5,51,35,45,16,25,1591,11,0,40.0
41,2024-10-25 12:00:00,23,9,8,12,23,25,11,24,32,8,14,18,22,20,28,26,37,4,9,28,31,45,19,8,8,9,38,23,24,10,5,4,69,30,35,26,11,68,10,28,16,47,21,25,12,41,9,46,54,22,27,40,4,31,9,5,57,37,49,7,25,6,59,38,47,17,28,1661,12,0,41.0
42,2024-10-25 13:00:00,25,9,8,11,25,26,15,23,32,7,19,16,22,19,31,22,39,4,9,30,32,49,18,9,9,9,35,26,27,10,5,5,75,29,36,27,11,72,10,28,18,50,22,27,12,39,10,48,55,25,30,43,4,34,9,5,61,37,44,7,26,6,62,42,54,17,30,1731,13,0,42.0
43,2024-10-25 14:00:00,33,11,10,12,31,31,19,25,37,8,21,21,28,22,34,25,43,4,11,33,39,57,23,11,12,14,41,31,31,11,6,6,72,30,40,29,13,76,11,30,20,57,21,28,12,40,10,53,58,26,34,50,5,39,11,6,68,42,49,7,27,7,70,46,58,20,31,1937,14,0,43.0
44,2024-10-25 15:00:00,48,13,14,13,37,39,25,32,45,9,26,26,32,25,41,25,49,5,13,36,49,62,26,14,16,15,53,37,37,11,6,6,66,32,44,31,14,74,11,30,20,61,24,34,12,40,10,60,60,27,36,54,5,46,12,7,72,45,56,7,25,8,74,47,60,19,34,2142,15,0,44.0
45,2024-10-25 16:00:00,55,15,16,15,41,44,31,37,52,10,28,33,40,31,45,32,56,6,15,39,56,74,31,18,19,19,56,42,43,9,6,6,58,29,51,31,15,78,11,32,23,60,24,34,14,45,10,65,60,28,37,60,5,52,14,8,76,49,62,7,26,7,73,52,66,22,36,2340,16,0,45.0
46,2024-10-25 17:00:00,54,16,16,15,43,49,35,33,51,10,26,32,39,31,48,31,52,6,13,38,52,72,28,17,19,20,54,42,41,9,6,6,61,34,53,32,14,79,11,30,23,62,24,33,12,42,11,60,60,28,39,60,5,50,14,7,78,50,60,7,24,8,74,50,68,22,35,2324,17,0,46.0
47,2024-10-25 18:00:00,52,15,15,14,41,47,34,32,49,8,26,22,38,32,46,28,49,6,9,37,46,70,26,18,18,22,46,44,43,8,6,5,64,31,56,34,15,84,11,31,27,71,24,35,14,48,11,62,60,27,37,63,5,50,15,8,77,46,56,7,24,8,82,51,72,21,37,2316,18,0,47.0
48,2024-10-25 19:00:00,53,15,13,13,40,50,34,34,51,7,25,17,39,27,47,27,44,5,8,37,39,68,21,16,16,20,41,45,47,9,7,5,63,27,63,33,15,83,12,32,30,73,27,36,14,48,10,64,64,27,41,59,5,52,15,9,75,49,53,6,23,8,77,52,69,21,39,2294,19,0,48.0
49,2024-10-25 20:00:00,65,14,14,13,41,54,36,37,56,6,26,15,45,28,55,25,46,5,7,41,33,73,22,19,17,25,39,55,56,10,7,5,68,23,67,33,16,88,12,32,26,82,28,46,16,50,9,69,65,30,45,72,5,63,16,10,80,52,54,7,24,10,82,58,80,24,39,2471,20,0,49.0
50,2024-10-25 21:00:00,89,16,17,14,52,71,44,39,68,6,31,17,55,30,63,21,49,6,8,43,35,81,28,25,19,30,42,65,73,11,7,5,75,21,79,34,18,88,13,33,31,87,31,47,14,49,12,78,66,33,49,82,6,75,20,13,87,64,59,8,25,9,94,63,86,27,46,2782,21,0,50.0
51,2024-10-25 22:00:00,100,18,21,15,59,86,51,43,80,6,37,15,66,35,68,21,55,6,7,46,33,94,26,29,21,32,43,73,89,12,8,5,83,20,90,37,20,96,14,33,32,94,36,52,14,45,9,84,72,35,51,97,6,85,22,16,96,72,63,9,27,10,93,64,89,27,49,3042,22,0,51.0
52,2024-10-25 23:00:00,98,16,21,14,61,92,54,42,85,6,44,14,67,32,61,19,56,6,7,44,36,96,25,29,21,30,39,71,92,11,9,5,89,19,100,33,20,94,15,31,31,100,35,53,12,38,9,86,73,37,56,93,6,83,22,15,99,70,59,8,28,10,100,61,94,29,51,3062,23,0,52.0
53,2024-10-26 00:00:00,78,16,18,12,54,79,51,40,77,6,36,12,53,27,55,17,55,5,6,41,31,85,21,24,19,30,32,57,82,10,7,4,78,17,90,34,19,92,14,29,31,94,35,48,12,32,9,81,71,34,51,84,6,74,19,13,92,65,51,9,30,11,95,61,84,26,47,2778,0,1,53.0
54,2024-10-26 01:00:00,59,14,15,10,48,67,43,36,61,6,31,10,49,22,45,14,56,5,6,41,21,72,17,16,15,23,26,50,76,10,7,5,77,16,76,30,17,84,13,27,28,91,33,49,12,28,8,74,76,32,48,74,5,63,17,10,84,61,42,8,30,11,90,60,77,27,46,2500,1,1,54.0
55,2024-10-26 02:00:00,44,12,11,9,43,52,39,32,52,5,25,8,40,17,35,13,65,3,5,39,17,63,14,12,9,19,21,41,63,9,6,3,70,14,66,26,15,82,13,25,29,89,31,47,11,30,8,63,76,30,45,65,5,59,15,9,84,57,37,8,30,10,90,57,73,25,43,2263,2,1,55.0
56,2024-10-26 03:00:00,33,10,9,7,37,40,33,28,46,5,21,8,35,13,31,13,68,3,4,36,15,52,11,9,9,13,17,33,52,8,5,3,59,13,55,22,12,74,11,24,25,81,28,44,11,27,8,52,74,27,41,56,5,45,12,8,77,54,30,8,29,9,83,53,61,22,38,1985,3,1,56.0
57,2024-10-26 04:00:00,27,9,7,7,32,34,25,23,42,5,16,9,29,13,27,11,52,3,4,31,13,40,11,7,6,11,17,26,41,8,4,2,47,13,46,19,11,68,10,23,22,68,24,39,11,29,7,48,69,25,35,47,4,38,12,7,72,53,28,8,32,8,78,48,55,21,35,1752,4,1,57.0
58,2024-10-26 05:00:00,23,8,6,7,26,27,18,20,36,6,12,12,27,12,23,15,43,3,5,29,18,36,11,7,6,9,21,19,31,11,3,3,34,18,40,18,9,65,9,22,18,55,21,32,12,33,6,39,62,21,29,37,4,31,9,6,67,47,29,7,31,7,69,42,48,18,29,1557,5,1,58.0
59,2024-10-26 06:00:00,23,7,6,9,26,24,14,16,36,7,11,18,26,16,24,19,44,3,8,26,26,36,14,7,6,8,35,17,25,19,3,5,27,25,40,21,9,64,9,24,15,50,19,28,12,39,5,36,60,18,27,34,3,31,8,5,63,43,36,7,30,5,56,36,42,17,29,1537,6,1,59.0
60,2024-10-26 07:00:00,24,8,7,10,23,24,11,17,35,8,10,28,29,20,26,25,47,4,10,25,33,36,18,7,7,7,48,16,19,23,3,6,28,34,40,24,9,64,9,27,16,45,18,27,14,43,5,37,58,21,28,34,3,29,9,5,62,40,41,6,30,5,54,35,39,17,26,1596,7,1,60.0
61,2024-10-26 08:00:00,25,8,8,11,21,27,9,17,38,9,9,34,27,21,28,32,50,4,14,24,41,38,20,8,9,7,56,15,20,18,3,6,30,40,41,26,8,62,9,26,14,44,17,24,15,47,5,36,56,20,26,34,3,28,9,5,59,40,46,6,30,4,54,33,40,16,26,1636,8,1,61.0
62,2024-10-26 09:00:00,26,10,10,13,20,28,10,18,35,11,10,45,25,26,30,36,50,4,15,24,45,45,24,9,11,6,71,17,17,14,3,5,36,42,42,29,9,65,9,26,13,40,17,24,14,46,5,39,57,19,27,34,3,29,9,5,55,39,54,6,29,4,50,33,39,16,25,1702,9,1,62.0
63,2024-10-26 10:00:00,29,11,12,16,22,31,12,21,38,11,11,53,26,31,33,43,52,5,13,26,48,46,28,8,12,6,79,18,19,13,3,5,44,39,38,31,10,65,9,25,14,44,18,24,14,45,5,43,55,21,28,37,3,30,10,6,59,38,65,6,30,4,52,33,40,17,28,1811,10,1,63.0
64,2024-10-26 11:00:00,28,12,11,15,25,33,12,24,38,11,12,37,28,31,34,43,50,5,13,28,47,50,24,10,12,8,71,24,21,16,5,6,63,39,46,33,11,68,10,25,16,47,21,25,14,46,6,48,55,23,30,41,4,34,11,6,58,38,60,6,30,5,55,35,45,18,27,1883,11,1,64.0
65,2024-10-26 12:00:00,28,11,10,13,28,34,13,24,36,10,14,28,29,29,40,38,48,5,12,30,46,53,26,11,12,10,49,32,24,20,7,7,82,39,45,34,13,69,11,26,18,51,25,28,13,43,6,55,59,26,33,47,4,37,12,7,59,41,54,7,30,6,60,39,51,20,31,1958,12,1,65.0
66,2024-10-26 13:00:00,34,11,10,12,31,35,16,24,39,10,17,23,31,25,45,31,48,5,12,33,41,56,27,10,13,12,47,37,28,23,9,9,97,41,49,38,14,77,13,26,20,57,25,32,13,45,6,61,63,30,36,53,5,41,13,8,65,44,50,7,31,7,66,41,54,20,35,2087,13,1,66.0
67,2024-10-26 14:00:00,36,12,13,13,33,39,19,28,41,10,20,27,36,28,50,30,48,5,13,33,45,64,32,11,14,14,53,43,33,22,8,9,97,38,55,36,15,74,12,28,21,58,28,32,13,44,6,64,63,35,36,59,5,46,14,8,67,45,54,7,30,7,73,44,57,23,38,2214,14,1,67.0
68,2024-10-26 15:00:00,51,14,15,15,40,47,28,30,48,11,27,31,40,34,57,33,56,6,15,35,53,70,34,15,19,18,62,50,41,19,9,9,92,37,57,36,15,83,13,30,23,65,26,36,13,46,7,66,65,35,42,64,5,49,15,9,73,49,61,7,30,7,75,48,64,21,42,2438,15,1,68.0
69,2024-10-26 16:00:00,63,18,18,16,43,56,33,33,57,12,29,40,54,37,73,36,62,6,17,37,59,80,39,18,21,23,71,54,49,15,9,9,81,38,61,37,16,82,13,31,25,67,29,37,13,48,8,70,65,35,44,71,5,61,17,10,78,55,65,8,30,7,74,50,71,24,44,2657,16,1,69.0
70,2024-10-26 17:00:00,60,17,17,15,46,59,36,34,58,11,29,37,51,35,65,36,61,7,13,37,51,78,36,20,23,23,65,59,57,14,8,8,73,32,64,36,17,82,12,31,26,69,28,38,16,46,7,74,66,33,42,74,5,53,17,11,76,53,60,7,27,7,75,48,75,27,45,2618,17,1,70.0
71,2024-10-26 18:00:00,60,17,15,14,45,58,38,34,56,9,26,26,50,36,64,31,53,6,10,38,41,79,32,20,21,23,48,55,64,11,8,7,69,30,70,37,17,81,13,30,28,70,29,39,14,48,7,70,66,31,42,72,5,62,18,10,76,54,56,7,25,8,79,52,72,25,42,2549,18,1,71.0
72,2024-10-26 19:00:00,51,15,13,12,42,53,33,30,51,6,23,17,47,28,56,25,42,5,7,35,31,65,26,17,17,22,40,52,61,9,7,6,63,26,69,35,16,77,12,29,26,70,30,35,13,45,8,67,62,28,43,66,5,56,16,10,69,50,49,6,24,7,73,46,72,23,40,2310,19,1,72.0
73,2024-10-26 20:00:00,58,14,13,12,45,59,35,32,60,6,26,15,50,29,68,25,43,5,7,37,31,72,24,19,16,23,44,65,69,11,8,5,65,24,75,35,17,77,13,31,24,78,31,40,12,51,8,71,60,29,45,76,5,67,18,12,73,54,51,7,24,9,74,51,72,25,45,2475,20,1,73.0
74,2024-10-26 21:00:00,79,16,16,14,54,79,42,33,71,6,27,16,61,31,76,24,46,6,7,41,31,83,26,24,20,27,45,68,79,12,8,6,73,22,85,37,19,84,14,30,27,86,32,46,14,51,9,81,67,33,50,88,5,77,21,14,83,67,57,8,24,9,83,57,85,29,48,2789,21,1,74.0
75,2024-10-26 22:00:00,92,18,20,15,62,97,49,36,87,7,37,18,69,38,76,23,52,6,7,43,33,88,27,29,23,32,49,77,94,12,9,5,79,19,95,41,22,89,15,32,30,95,37,51,14,48,9,93,74,35,57,96,6,88,24,16,94,73,61,9,26,10,94,62,97,33,53,3107,22,1,75.0
76,2024-10-26 23:00:00,94,18,21,14,63,100,53,36,84,6,34,14,68,32,74,21,57,6,7,45,32,100,25,27,21,30,46,73,94,12,10,5,90,19,100,37,21,89,15,30,32,99,37,56,14,41,9,89,73,38,59,95,6,87,23,16,100,79,57,9,30,10,97,65,100,31,51,3126,23,1,76.0
77,2024-10-27 00:00:00,75,16,18,12,58,83,51,32,74,5,32,13,62,28,63,18,57,5,6,39,27,84,20,22,19,29,37,60,83,11,10,5,72,17,93,35,20,83,14,27,31,94,35,51,13,32,9,83,72,35,54,85,6,80,21,13,96,69,48,8,27,11,97,61,85,32,53,2816,0,1,77.0
78,2024-10-27 01:00:00,58,14,14,10,49,70,44,32,64,6,29,10,53,23,51,17,54,5,5,40,20,68,16,17,15,21,30,50,70,11,9,5,73,15,79,31,17,87,14,26,29,99,34,52,12,31,8,74,80,33,52,74,5,65,19,12,89,72,42,8,30,11,96,63,85,28,47,2572,1,1,78.0
79,2024-10-27 02:00:00,47,13,11,8,44,54,40,28,55,6,23,9,42,17,41,15,53,4,5,36,17,59,16,14,10,18,26,43,61,9,6,4,62,14,67,27,16,79,14,25,29,91,33,52,14,32,8,69,78,31,46,67,5,57,17,10,92,66,35,8,31,11,88,57,76,26,45,2312,2,1,79.0
80,2024-10-27 03:00:00,35,11,8,8,43,43,33,24,55,6,20,7,35,13,36,14,51,4,5,34,14,52,10,11,7,14,21,33,50,8,5,3,56,13,54,22,14,77,14,24,26,82,30,42,14,29,8,61,78,29,42,59,5,48,14,9,88,60,31,8,33,9,84,54,63,25,46,2064,3,1,80.0
81,2024-10-27 04:00:00,30,11,7,8,36,42,26,21,50,6,18,8,33,12,31,12,49,3,4,34,15,48,12,8,7,10,19,33,44,9,6,3,49,12,48,20,13,73,14,24,24,81,27,41,15,30,7,55,75,28,38,53,4,47,14,9,86,58,31,9,33,8,86,53,65,24,43,1952,4,1,81.0
82,2024-10-27 05:00:00,24,8,6,7,33,32,21,19,42,6,14,10,28,13,28,12,49,2,5,31,15,42,10,8,5,9,23,24,33,12,4,3,35,15,39,18,11,65,13,22,19,66,22,36,17,33,6,46,70,22,33,41,4,42,11,7,79,55,30,8,34,6,70,46,53,21,34,1707,5,1,82.0
83,2024-10-27 06:00:00,21,7,6,9,29,27,14,17,37,7,11,15,25,16,29,16,44,3,6,25,21,39,11,5,5,7,36,20,22,21,5,6,28,20,34,18,10,63,12,22,16,57,21,30,17,37,6,41,64,21,30,36,4,34,10,6,71,48,35,8,33,5,62,40,50,19,31,1601,6,1,83.0
84,2024-10-27 07:00:00,23,7,6,10,26,26,11,18,35,9,11,25,27,20,31,23,47,4,9,25,25,33,14,6,6,5,55,21,20,33,4,9,26,26,34,22,10,64,12,25,16,51,19,27,16,45,5,41,62,22,29,32,4,34,10,6,68,46,42,7,31,5,53,37,40,19,27,1637,7,1,84.0
85,2024-10-27 08:00:00,22,8,7,11,23,27,11,16,34,10,9,33,26,23,33,29,48,4,12,24,29,35,17,7,7,6,66,17,18,32,4,10,28,35,34,24,11,68,12,25,15,49,18,25,15,50,5,45,60,23,30,34,4,32,11,6,65,44,47,6,30,4,53,36,41,19,31,1693,8,1,85.0
86,2024-10-27 09:00:00,22,9,8,13,22,28,10,18,33,11,9,41,24,24,36,35,49,4,14,25,34,41,17,8,7,6,75,16,18,23,3,8,36,30,35,31,11,68,12,25,16,46,19,23,15,50,5,45,58,23,27,36,4,32,11,6,57,40,52,7,30,4,51,35,40,18,30,1719,9,1,86.0
87,2024-10-27 10:00:00,25,11,11,15,23,30,11,20,34,12,9,56,29,30,39,41,53,5,15,26,40,45,20,9,9,6,91,19,19,18,3,8,43,33,37,28,11,71,12,25,16,48,19,24,15,50,5,47,60,23,30,37,4,32,12,7,60,40,64,7,30,4,50,36,42,18,29,1851,10,1,87.0
88,2024-10-27 11:00:00,26,11,11,15,26,32,13,21,36,12,11,54,28,34,43,45,48,6,14,26,41,47,22,10,11,8,84,24,21,18,5,7,52,31,34,31,11,67,12,23,15,44,21,24,14,47,5,48,56,23,30,41,3,35,13,7,56,41,64,7,29,5,54,35,43,19,31,1881,11,1,88.0
89,2024-10-27 12:00:00,28,12,10,14,29,34,14,24,38,12,13,35,35,33,47,48,47,6,12,28,38,53,23,11,12,10,67,33,24,23,7,8,76,31,38,32,14,71,14,23,18,49,28,26,14,46,6,60,61,28,36,50,4,41,14,9,62,43,59,7,30,5,63,40,49,19,34,2028,12,1,89.0
90,2024-10-27 13:00:00,28,11,9,13,32,37,15,24,42,12,17,23,39,28,51,38,47,5,12,31,36,60,19,10,12,12,49,42,27,27,9,9,97,29,41,33,15,73,15,25,19,53,27,31,13,44,6,65,65,35,36,56,5,47,16,10,65,46,52,8,30,6,67,42,55,22,36,2111,13,1,90.0
91,2024-10-27 14:00:00,31,12,10,13,35,40,20,26,44,12,20,21,41,28,61,31,48,6,12,32,37,62,22,11,11,17,49,49,32,27,9,11,98,28,47,34,17,70,16,24,20,57,30,31,12,46,6,74,65,37,42,58,5,53,18,11,67,46,54,8,29,7,68,44,59,23,44,2228,14,1,91.0
92,2024-10-27 15:00:00,40,13,12,14,42,45,26,30,49,11,25,26,52,29,73,29,53,6,15,34,44,70,24,14,15,20,54,57,43,25,9,11,97,28,53,35,18,79,17,28,21,61,28,33,13,48,7,76,66,39,43,69,5,63,20,13,72,52,56,9,29,7,71,48,63,24,46,2447,15,1,92.0
93,2024-10-27 16:00:00,54,15,15,15,46,52,32,32,54,12,26,32,59,33,73,30,59,6,16,35,49,69,28,17,17,23,69,60,49,20,8,11,82,26,55,35,18,80,15,28,23,64,29,36,12,48,7,78,67,38,45,72,5,69,20,13,73,56,60,8,29,8,72,50,68,25,46,2576,16,1,93.0
94,2024-10-27 17:00:00,59,16,15,15,50,57,37,34,62,13,29,38,61,37,83,34,61,7,18,36,49,75,30,18,19,24,75,68,54,16,8,9,73,25,58,38,19,84,15,31,22,68,29,34,12,53,8,82,68,36,47,75,5,71,22,14,74,62,64,8,27,8,73,51,74,26,49,2712,17,1,94.0
95,2024-10-27 18:00:00,55,16,15,15,49,62,38,34,64,12,25,32,62,38,79,34,54,6,15,39,40,70,28,17,21,26,64,74,55,13,8,8,68,26,66,36,19,88,14,31,23,71,29,38,13,53,7,79,67,35,47,79,6,74,21,13,74,58,62,8,27,8,77,57,82,28,49,2701,18,1,95.0
96,2024-10-27 19:00:00,55,15,13,15,51,66,38,34,64,9,26,24,61,35,90,32,53,6,11,40,36,69,26,19,21,29,67,68,63,12,8,7,69,24,67,38,20,88,15,32,25,77,31,41,15,56,8,85,67,33,47,81,6,78,21,14,79,64,62,8,27,9,83,55,85,28,50,2751,19,1,96.0
97,2024-10-27 20:00:00,61,14,13,16,56,71,37,34,70,7,26,19,65,35,100,26,53,5,9,41,30,76,25,20,21,30,56,80,65,11,7,6,66,22,75,40,21,93,15,33,26,82,33,42,14,57,8,88,70,34,53,85,6,83,23,15,78,67,64,8,26,9,84,55,80,29,52,2821,20,1,97.0
98,2024-10-27 21:00:00,67,15,15,16,61,88,42,34,80,7,30,19,79,39,97,24,56,6,9,43,27,79,25,22,24,37,60,93,90,11,7,6,72,20,76,40,24,93,16,32,27,87,32,49,15,59,9,100,76,37,56,94,7,98,25,19,88,75,66,10,27,10,92,62,89,34,61,3085,21,1,98.0
99,2024-10-27 22:00:00,73,15,17,16,67,98,46,34,100,6,32,17,75,39,92,24,60,6,8,41,28,88,24,23,25,38,56,95,100,11,7,6,73,18,84,38,23,88,16,31,28,88,35,50,13,49,9,98,78,40,62,100,7,100,26,19,92,85,67,10,27,11,97,61,95,35,63,3183,22,1,99.0
100,2024-10-27 23:00:00,70,15,17,14,64,92,44,35,98,6,29,14,71,33,84,21,64,5,8,46,24,83,20,23,23,35,48,81,96,10,8,5,74,17,78,34,23,91,16,29,29,93,33,54,13,39,9,99,80,43,62,93,7,91,24,17,92,82,59,10,27,12,93,67,90,37,59,3062,23,1,100.0
101,2024-10-28 00:00:00,54,13,13,12,56,76,41,32,87,5,27,11,59,27,63,17,62,5,6,44,17,67,16,18,16,28,36,62,94,9,7,5,68,14,74,33,20,84,15,28,29,90,34,52,13,31,9,84,77,38,55,85,7,78,20,13,86,74,49,10,27,12,92,65,86,32,55,2724,0,0,101.0
102,2024-10-28 01:00:00,40,11,11,11,48,59,37,30,73,5,25,8,48,22,48,14,62,4,6,43,15,57,14,13,11,22,30,52,73,9,6,4,59,15,60,28,17,79,14,25,27,91,31,47,11,28,9,74,82,35,50,70,7,63,18,11,84,67,44,9,27,12,93,65,77,26,51,2417,1,0,102.0
103,2024-10-28 02:00:00,29,9,8,8,43,46,30,26,65,5,22,7,38,16,38,13,87,3,4,40,11,46,12,10,8,20,22,40,53,7,5,3,50,12,51,24,15,78,12,23,26,82,28,42,10,28,8,66,78,33,43,64,6,49,15,9,77,68,34,9,27,11,90,62,70,25,46,2145,2,0,103.0
104,2024-10-28 03:00:00,21,8,7,7,38,36,22,21,58,6,17,6,31,11,30,10,100,3,4,36,9,40,10,8,7,15,18,29,40,6,4,2,39,12,43,19,12,73,11,23,24,70,24,38,10,26,7,53,73,28,38,52,5,42,13,7,69,56,29,9,25,9,83,62,57,23,41,1865,3,0,104.0
105,2024-10-28 04:00:00,18,6,5,6,32,30,18,19,47,5,14,6,25,10,23,9,61,3,4,30,9,36,8,6,5,12,16,26,33,6,3,2,35,10,32,15,11,67,9,20,20,63,21,36,10,27,7,46,72,24,32,43,4,39,11,7,67,53,26,8,27,8,77,55,53,19,33,1620,4,0,105.0
106,2024-10-28 05:00:00,15,6,5,6,26,23,13,17,41,5,10,8,23,10,20,9,49,3,4,28,11,29,8,5,4,7,17,20,24,6,2,2,27,11,29,13,9,62,9,20,17,54,18,30,11,30,5,38,65,21,27,35,4,31,9,5,60,48,26,8,26,6,66,48,45,17,27,1413,5,0,106.0
107,2024-10-28 06:00:00,13,5,4,6,23,19,8,15,37,5,9,10,18,10,18,12,43,3,5,24,14,30,9,4,5,5,22,18,19,8,2,2,21,13,25,13,8,57,8,22,15,45,15,23,12,34,5,32,56,17,24,29,3,27,8,4,53,42,26,7,26,4,55,38,37,15,24,1268,6,0,107.0
108,2024-10-28 07:00:00,14,5,4,8,23,18,6,15,32,6,7,13,19,12,18,14,42,3,7,23,16,29,11,4,5,5,29,15,16,11,2,2,19,15,25,14,7,59,8,25,13,38,15,23,13,37,4,31,55,16,23,27,3,27,8,4,50,39,31,6,24,4,50,34,35,15,23,1254,7,0,108.0
109,2024-10-28 08:00:00,14,6,5,8,20,18,6,14,33,6,7,16,17,14,18,17,40,3,7,20,20,29,11,4,5,4,33,12,14,10,2,3,21,17,24,17,7,61,7,28,13,37,14,22,12,40,4,32,51,15,21,26,3,24,7,4,46,36,33,6,24,4,47,31,35,15,23,1243,8,0,109.0
110,2024-10-28 09:00:00,16,7,6,9,20,20,7,15,31,7,7,19,18,15,19,18,40,3,9,24,23,32,11,5,6,5,40,13,16,9,2,3,26,19,26,19,8,61,8,28,13,39,15,21,13,44,4,33,49,16,22,27,3,24,7,4,48,32,39,7,25,4,48,32,37,14,23,1313,9,0,110.0
111,2024-10-28 10:00:00,17,8,8,11,22,22,9,18,33,9,8,25,20,18,21,22,44,4,10,24,31,34,14,7,7,6,50,16,16,8,2,3,31,20,25,19,8,65,8,28,15,39,15,22,12,44,5,36,51,18,23,29,3,25,8,4,48,35,45,6,25,4,48,32,37,14,23,1417,10,0,111.0
112,2024-10-28 11:00:00,19,9,8,12,24,24,10,21,37,10,10,27,20,21,27,24,46,4,10,26,30,38,15,8,8,6,51,19,19,9,3,3,37,21,27,21,9,63,9,26,14,39,16,21,12,41,6,39,51,20,25,34,3,28,9,4,48,34,49,6,28,5,51,34,39,15,26,1508,11,0,112.0
113,2024-10-28 12:00:00,19,8,7,11,25,24,10,22,40,9,12,21,22,21,28,25,44,4,8,28,28,39,14,8,8,7,44,24,20,9,4,3,48,21,28,23,10,67,10,27,16,43,18,24,13,41,8,44,51,23,27,38,4,32,9,5,52,36,47,7,26,6,59,38,43,16,29,1585,12,0,113.0
114,2024-10-28 13:00:00,19,8,6,10,26,26,11,22,43,8,14,15,23,19,33,22,45,4,8,30,27,43,13,8,9,9,39,27,23,9,4,4,54,21,30,23,11,73,10,28,17,48,19,27,13,39,10,48,55,25,28,44,4,34,9,5,56,39,43,9,25,7,62,40,48,15,29,1655,13,0,114.0
115,2024-10-28 14:00:00,22,9,7,10,28,27,14,25,43,7,16,16,26,19,37,20,46,4,9,30,28,46,15,8,11,11,44,32,25,9,4,5,57,22,32,26,13,75,11,28,18,50,21,27,12,37,10,53,56,25,30,43,5,37,12,6,57,43,43,7,26,7,66,42,50,17,32,1749,14,0,115.0
116,2024-10-28 15:00:00,30,10,9,12,37,33,19,28,49,8,17,22,32,22,40,23,50,5,11,34,35,52,18,10,13,16,50,38,29,9,4,5,51,23,35,28,13,77,13,31,19,51,20,28,12,39,11,56,55,26,32,51,5,45,13,7,60,44,51,7,26,7,69,45,54,18,34,1926,15,0,116.0
117,2024-10-28 16:00:00,34,11,10,15,53,41,25,32,56,10,24,30,41,28,53,26,61,6,16,37,43,59,22,12,17,20,64,48,33,9,5,6,53,23,37,27,15,84,12,31,22,57,24,33,14,41,11,65,58,28,36,58,5,55,15,8,66,52,63,8,26,8,71,50,63,20,36,2222,16,0,117.0
118,2024-10-28 17:00:00,36,11,11,15,43,43,26,31,58,12,24,39,42,28,48,29,62,6,20,36,43,57,24,11,19,21,68,48,35,9,5,6,52,23,41,32,15,88,12,31,19,59,24,30,13,42,11,63,58,27,35,58,5,55,15,9,68,55,62,8,24,8,67,51,65,22,37,2250,17,0,118.0
119,2024-10-28 18:00:00,36,12,11,15,44,46,28,32,57,12,23,34,43,30,52,30,60,5,16,37,39,59,23,12,19,23,68,52,35,7,5,5,53,22,43,31,15,93,12,29,20,60,22,32,14,44,11,63,60,27,38,65,5,59,16,9,67,54,62,8,24,8,74,52,66,20,36,2284,18,0,119.0
120,2024-10-28 19:00:00,36,11,10,14,42,49,27,32,57,9,22,24,42,30,58,26,54,5,11,38,32,53,19,14,20,23,53,56,38,7,5,5,55,20,47,32,15,95,13,33,22,63,24,34,14,47,9,65,60,28,37,61,5,59,16,10,68,55,58,7,21,8,75,53,68,20,37,2256,19,0,120.0
121,2024-10-28 20:00:00,38,11,10,14,47,55,30,32,61,7,25,18,47,30,67,23,54,5,9,42,30,56,20,13,20,28,49,70,45,9,5,4,58,20,52,34,17,96,13,32,25,69,26,38,16,50,10,71,61,29,43,70,6,71,19,12,72,62,56,8,23,9,78,55,73,25,43,2416,20,0,121.0
122,2024-10-28 21:00:00,44,12,12,15,53,68,34,35,72,7,26,16,57,33,79,22,58,5,8,42,29,65,19,18,23,35,52,90,52,8,6,4,58,18,56,34,18,97,13,32,28,72,29,39,14,52,9,76,68,33,46,77,6,87,21,15,75,75,61,9,24,10,83,60,81,29,47,2651,21,0,122.0
123,2024-10-28 22:00:00,51,13,12,15,61,81,37,35,85,7,33,16,60,37,82,20,57,5,8,40,26,66,18,16,25,38,53,100,62,9,6,4,64,16,59,29,21,98,15,31,27,81,32,45,14,45,9,89,70,37,54,87,7,95,23,18,78,84,63,9,24,11,86,61,89,29,53,2831,22,0,123.0
124,2024-10-28 23:00:00,47,12,12,15,61,80,38,36,86,7,30,13,62,33,74,19,56,5,7,45,21,67,19,17,23,37,46,89,67,9,6,4,62,15,66,35,21,98,15,30,30,86,31,47,13,37,9,89,76,40,57,88,7,91,23,16,85,86,61,10,26,12,93,65,92,32,52,2839,23,0,124.0
125,2024-10-29 00:00:00,40,10,11,12,60,69,36,35,76,6,30,13,52,29,64,15,54,4,6,43,17,63,22,15,21,33,39,80,58,9,6,3,60,14,64,33,19,96,16,27,29,93,33,50,13,31,9,81,77,38,54,86,7,77,21,14,80,78,50,10,26,12,93,60,85,31,52,2650,0,1,125.0
126,2024-10-29 01:00:00,32,10,9,10,50,56,31,33,65,6,24,9,44,21,51,14,82,4,5,42,12,53,13,12,12,25,29,54,54,8,6,3,55,13,56,28,17,92,14,26,26,84,29,44,12,29,8,72,75,35,48,72,7,61,17,10,79,67,43,9,26,12,93,58,75,26,45,2342,1,1,126.0
127,2024-10-29 02:00:00,26,8,7,8,43,44,27,27,50,5,20,7,36,16,38,12,63,3,4,40,10,43,13,9,8,21,21,36,45,7,4,2,55,11,45,23,15,89,13,24,25,77,28,41,10,29,7,63,76,31,43,59,6,50,15,8,76,62,35,9,25,11,86,55,65,24,41,2035,2,1,127.0
128,2024-10-29 03:00:00,21,7,6,7,38,33,21,23,45,6,18,6,29,13,30,13,46,2,4,34,10,39,11,7,6,16,16,31,37,6,4,2,40,11,40,18,12,84,11,21,24,72,24,39,11,26,7,53,72,28,37,49,5,40,12,7,69,57,29,8,26,9,80,55,59,21,39,1782,3,1,128.0
129,2024-10-29 04:00:00,17,7,5,6,33,28,17,22,41,6,14,6,25,10,24,9,45,2,4,32,10,36,8,6,6,12,16,25,28,5,3,2,38,11,35,16,11,73,10,21,22,64,20,34,11,27,6,46,68,24,31,41,5,36,11,6,66,52,24,9,26,8,79,47,48,20,33,1589,4,1,129.0
130,2024-10-29 05:00:00,15,6,5,6,26,22,11,17,35,5,11,8,20,10,19,10,37,3,4,26,11,29,7,4,4,8,17,19,21,5,2,2,25,12,28,13,8,70,9,21,18,50,16,30,12,29,5,35,60,19,27,33,4,30,8,5,57,45,25,7,28,6,65,39,43,17,29,1353,5,1,130.0
131,2024-10-29 06:00:00,14,5,5,7,24,19,8,15,30,5,8,11,19,10,18,10,36,2,5,27,15,29,9,3,4,6,23,18,18,7,2,2,22,14,26,14,8,66,8,22,14,44,15,25,11,33,5,32,57,16,23,27,3,26,8,4,52,44,27,7,25,4,56,35,38,16,24,1265,6,1,131.0
132,2024-10-29 07:00:00,14,6,4,7,21,19,6,15,28,6,8,13,18,12,18,13,36,3,7,23,19,28,10,4,5,5,29,15,17,9,2,3,19,16,24,14,7,64,8,26,14,48,16,23,13,36,4,30,55,15,22,25,3,25,7,4,47,36,30,6,24,4,49,32,36,14,22,1241,7,1,132.0
133,2024-10-29 08:00:00,15,6,5,8,20,24,6,15,28,7,8,16,17,15,17,16,37,3,8,23,21,31,11,5,6,4,33,12,15,9,2,3,22,18,25,17,7,67,8,29,13,38,14,21,14,38,4,31,52,16,23,28,3,25,7,4,47,35,33,6,26,4,48,31,35,14,23,1272,8,1,133.0
134,2024-10-29 09:00:00,18,7,6,9,20,20,6,17,25,7,8,18,16,16,20,20,38,3,9,24,25,33,14,6,6,5,39,13,14,8,2,3,26,20,24,20,7,67,8,29,13,35,15,21,14,41,5,31,51,17,22,27,3,23,8,4,47,33,38,6,24,4,47,32,36,14,23,1310,9,1,134.0
135,2024-10-29 10:00:00,19,9,7,11,21,21,8,18,30,8,9,25,20,18,21,22,40,4,10,26,31,35,14,6,7,6,46,15,16,8,2,3,34,21,26,21,9,65,9,28,13,38,16,21,12,41,4,36,51,18,23,28,3,26,8,4,48,35,45,5,26,4,47,32,38,15,22,1408,10,1,135.0
136,2024-10-29 11:00:00,20,9,8,12,24,24,12,21,31,11,11,25,21,23,24,21,43,4,9,28,32,40,15,8,9,7,52,19,18,8,3,3,42,21,27,22,9,70,9,25,14,39,17,23,14,39,6,39,54,20,24,33,3,27,8,4,51,35,51,6,25,5,50,34,42,15,26,1524,11,1,136.0
137,2024-10-29 12:00:00,20,9,7,11,25,24,11,22,33,10,13,19,21,21,27,27,41,4,8,29,28,42,15,8,9,7,45,21,20,9,3,3,52,23,28,24,10,71,10,27,15,44,19,25,13,39,8,44,52,22,26,36,4,31,9,5,53,37,47,6,24,7,57,37,44,15,27,1583,12,1,137.0
138,2024-10-29 13:00:00,20,9,7,10,27,27,13,23,32,8,15,16,23,18,31,23,42,4,8,30,25,46,13,7,10,10,39,27,24,8,4,4,59,22,33,25,12,78,11,28,17,50,22,26,12,39,10,49,55,24,30,41,4,33,10,5,56,39,43,7,25,7,62,41,48,16,29,1671,13,1,138.0
139,2024-10-29 14:00:00,24,8,7,10,30,31,16,25,35,7,17,16,26,20,33,22,43,4,9,33,28,46,15,8,10,13,40,30,26,9,4,4,56,21,33,26,13,76,11,28,19,53,22,30,12,39,10,53,54,26,30,45,4,37,11,6,56,41,43,7,24,7,64,47,51,16,29,1749,14,1,139.0
140,2024-10-29 15:00:00,31,10,9,12,37,35,22,31,43,7,22,20,32,23,42,22,50,5,12,36,36,52,18,9,13,16,53,38,32,9,4,5,57,24,40,30,13,86,11,31,19,55,24,31,13,40,11,54,56,26,34,52,5,45,12,7,61,44,48,7,24,7,71,49,57,19,33,1982,15,1,140.0
141,2024-10-29 16:00:00,37,11,11,14,43,37,28,35,50,9,25,28,39,25,46,26,58,6,15,37,43,60,22,13,18,19,63,50,35,9,4,6,53,22,40,28,15,81,11,30,22,57,24,30,12,43,11,64,59,26,35,55,5,52,14,8,66,50,59,8,23,9,71,50,63,21,34,2173,16,1,141.0
142,2024-10-29 17:00:00,40,12,12,15,43,42,31,32,51,12,25,37,42,28,51,29,61,6,18,35,45,61,25,14,21,21,69,49,36,8,5,5,52,26,41,31,15,83,12,31,20,59,24,29,12,42,11,63,61,27,35,60,5,55,14,8,70,51,62,7,24,8,73,51,65,17,36,2261,17,1,142.0
143,2024-10-29 18:00:00,40,12,12,15,42,46,32,33,52,12,25,32,43,30,48,30,63,6,15,39,39,64,25,13,21,24,62,55,41,8,4,5,57,24,44,32,15,87,12,31,22,62,25,33,14,45,11,62,62,26,38,59,5,56,15,9,69,54,61,8,22,8,80,55,70,21,38,2320,18,1,143.0
144,2024-10-29 19:00:00,39,12,11,14,42,48,32,34,53,8,24,22,42,28,58,27,56,5,10,39,35,58,22,15,21,24,53,56,41,8,5,5,57,23,48,31,15,90,13,32,23,61,25,34,13,50,10,63,60,28,39,64,5,58,16,9,70,56,58,8,22,9,79,54,66,22,39,2297,19,1,144.0
145,2024-10-29 20:00:00,41,12,11,14,46,55,31,32,54,7,24,18,46,30,65,25,54,5,9,41,31,64,21,13,20,27,50,69,50,8,5,4,59,22,52,34,16,95,13,32,24,67,27,36,15,51,10,70,65,30,42,69,6,68,17,12,69,57,59,8,22,9,78,63,74,23,39,2415,20,1,145.0
146,2024-10-29 21:00:00,48,13,13,15,52,76,39,36,65,7,29,17,54,33,71,23,57,5,9,43,29,62,21,16,25,35,54,85,59,9,6,4,62,21,59,34,18,100,14,33,26,76,31,41,15,53,9,77,68,33,48,80,6,82,22,16,75,69,60,8,22,10,86,61,83,28,46,2682,21,1,146.0
147,2024-10-29 22:00:00,53,14,13,15,59,81,44,37,79,6,31,15,59,34,73,19,60,5,8,46,29,70,20,18,25,38,49,91,67,9,6,4,76,17,63,34,19,95,15,31,28,81,33,45,14,50,8,82,73,37,53,84,7,91,23,17,80,80,62,9,24,11,92,64,89,28,54,2846,22,1,147.0
148,2024-10-29 23:00:00,52,13,13,14,61,80,44,41,77,7,33,12,59,33,71,18,60,5,7,45,26,66,18,15,23,37,46,89,73,9,6,4,74,17,69,34,20,96,15,30,28,86,33,48,13,39,9,85,77,40,58,88,7,88,23,16,83,81,57,9,25,12,93,66,91,30,53,2850,23,1,148.0
149,2024-10-30 00:00:00,43,11,12,11,53,64,41,37,69,5,28,10,50,27,58,16,55,5,5,43,19,59,17,14,17,31,33,67,65,8,6,3,65,14,58,30,18,90,14,27,27,86,32,44,13,32,8,77,68,37,51,78,7,69,19,13,80,70,47,9,25,12,93,73,90,27,48,2533,0,0,149.0
150,2024-10-30 01:00:00,33,9,10,10,49,49,34,32,56,5,25,8,41,20,46,13,58,4,5,39,17,57,14,11,11,23,27,51,55,8,6,3,60,13,53,27,16,87,13,26,26,81,30,44,12,28,8,68,73,34,46,70,6,61,17,9,75,64,40,9,24,12,90,73,94,26,45,2289,1,0,150.0
151,2024-10-30 02:00:00,27,9,8,8,41,42,28,30,49,5,22,7,36,17,40,12,88,3,4,42,12,47,13,8,9,21,22,39,50,7,5,2,56,11,50,23,14,84,12,24,25,76,29,41,12,28,7,60,74,32,45,61,6,47,15,8,75,58,34,9,25,11,83,69,84,24,43,2108,2,0,151.0
152,2024-10-30 03:00:00,20,7,7,7,35,43,23,25,42,6,18,6,31,12,30,11,67,3,4,38,10,40,10,6,8,16,18,29,39,6,4,2,54,12,39,18,13,79,11,22,23,71,26,40,11,28,7,54,74,28,40,51,5,43,12,7,70,56,28,8,25,9,80,62,70,22,40,1861,3,0,152.0
153,2024-10-30 04:00:00,18,7,6,6,31,30,17,20,40,5,14,5,27,11,24,10,60,2,4,31,13,34,9,6,6,12,15,24,32,5,3,2,40,11,33,16,11,72,10,22,20,58,22,33,10,27,6,45,70,24,33,43,4,36,11,6,67,52,25,8,26,8,75,51,53,20,36,1613,4,0,153.0
154,2024-10-30 05:00:00,15,6,5,6,26,22,13,17,36,5,11,8,22,10,19,11,42,2,4,27,12,29,10,4,5,8,18,19,25,6,2,2,30,12,29,14,9,71,9,21,17,50,19,28,11,31,5,37,65,20,28,34,4,30,9,5,59,46,24,7,27,6,65,42,44,18,29,1402,5,0,154.0
155,2024-10-30 06:00:00,16,5,5,7,23,19,8,15,30,5,9,11,21,12,19,11,36,2,5,24,16,29,9,4,4,6,23,17,20,7,2,2,24,14,25,14,8,66,8,22,15,46,16,24,12,34,5,33,57,15,25,30,3,27,8,4,55,39,27,6,27,4,59,35,39,15,27,1290,6,0,155.0
156,2024-10-30 07:00:00,16,6,5,8,21,19,7,15,28,6,9,15,20,13,18,14,38,3,7,24,23,29,12,5,5,6,30,15,16,9,1,2,21,19,25,17,7,64,8,26,14,38,16,22,12,38,4,31,54,15,23,28,3,25,7,4,48,38,32,6,25,4,50,32,37,14,23,1275,7,0,156.0
157,2024-10-30 08:00:00,16,6,5,8,20,19,6,15,28,6,7,17,19,14,18,16,37,3,8,24,24,29,12,5,6,5,35,13,15,9,1,3,24,21,25,18,7,65,9,29,13,38,15,20,13,40,4,31,49,16,22,27,3,23,7,4,48,36,33,5,24,4,48,31,36,15,22,1274,8,0,157.0
158,2024-10-30 09:00:00,17,7,7,9,19,19,6,16,26,7,8,19,18,15,18,17,40,3,10,24,29,32,12,7,6,5,41,14,15,8,2,3,29,22,27,19,8,65,9,28,13,38,15,21,11,42,4,32,50,16,24,27,3,24,6,4,46,34,36,5,26,4,49,31,39,15,22,1323,9,0,158.0
159,2024-10-30 10:00:00,20,9,8,11,20,21,8,19,29,7,9,25,18,19,22,21,40,4,11,24,34,36,15,6,7,6,52,16,17,8,2,4,39,23,27,21,8,66,9,27,14,41,17,21,12,40,4,35,52,17,23,30,3,25,8,4,46,34,45,5,25,4,49,32,38,16,24,1432,10,0,159.0
160,2024-10-30 11:00:00,20,9,8,12,23,24,10,20,29,9,10,27,19,23,26,24,42,4,10,28,35,38,17,7,9,6,50,19,19,8,3,3,51,24,32,23,9,67,10,25,15,41,17,22,12,40,5,39,54,20,25,34,3,27,8,4,49,33,50,6,24,5,53,35,46,16,24,1539,11,0,160.0
161,2024-10-30 12:00:00,20,9,7,11,24,26,11,23,30,8,12,19,22,21,27,22,41,4,9,29,28,42,16,8,9,7,45,22,21,8,3,3,60,24,28,23,10,68,11,26,15,45,19,23,13,37,8,42,51,22,26,37,4,30,9,5,51,32,48,6,24,6,57,37,49,16,26,1575,12,0,161.0
162,2024-10-30 13:00:00,22,8,7,11,26,26,13,25,31,7,16,15,22,18,30,22,40,4,8,32,29,46,14,8,9,10,42,29,24,8,4,4,66,29,31,26,11,71,11,27,17,51,20,25,12,38,11,47,56,23,29,41,4,34,10,5,52,38,44,6,24,7,63,40,54,19,29,1681,13,0,162.0
163,2024-10-30 14:00:00,24,9,7,11,30,28,16,26,35,7,18,15,27,19,33,20,41,4,9,32,29,49,16,9,10,12,40,31,27,9,4,4,64,23,35,27,12,78,12,29,19,52,23,26,12,37,10,50,54,25,31,43,4,36,11,6,57,39,44,6,26,7,67,42,59,18,29,1764,14,0,163.0
164,2024-10-30 15:00:00,32,10,10,12,36,34,22,30,44,8,23,21,31,21,39,23,46,5,11,38,41,57,18,10,13,17,50,37,33,9,4,5,64,26,40,30,13,83,12,29,21,58,24,29,11,39,10,57,56,26,34,51,5,43,12,6,62,44,48,7,25,7,71,48,61,19,30,1991,15,0,164.0
165,2024-10-30 16:00:00,38,12,11,14,42,37,25,34,48,9,26,27,39,26,45,27,52,6,15,38,47,63,23,14,17,18,59,44,37,8,4,6,61,27,43,32,14,85,12,31,20,58,23,30,12,40,11,59,59,25,37,56,5,51,13,8,68,49,58,7,25,8,74,46,74,21,34,2187,16,0,165.0
166,2024-10-30 17:00:00,41,12,12,15,43,42,28,33,50,10,25,35,39,29,47,28,58,6,18,38,46,63,24,15,20,22,68,52,37,9,4,5,58,27,47,34,15,87,12,32,22,61,24,30,12,41,11,62,61,27,37,59,5,54,15,8,69,51,62,7,23,8,79,51,77,21,37,2300,17,0,166.0
167,2024-10-30 18:00:00,41,12,12,15,42,42,29,30,50,11,23,33,39,29,44,30,55,5,15,37,41,59,25,14,20,23,60,46,40,7,5,5,60,26,49,32,13,85,12,30,22,62,26,33,13,43,10,57,62,26,39,60,5,53,14,8,67,50,60,8,23,8,81,52,78,21,35,2262,18,0,167.0
168,2024-10-30 19:00:00,39,12,12,13,42,42,28,33,50,10,22,24,36,34,50,33,53,5,11,42,43,55,20,0,19,23,56,46,41,8,5,5,65,27,51,33,15,88,12,29,23,67,25,35,14,44,10,62,61,26,39,65,4,51,15,9,68,52,54,7,21,9,80,55,82,28,35,2273,19,0,168.0
